AGE,INCTOT
39,89500
61,32000
36,33000
34,10000
46,35000
88,39000
58,241800
20,12000
69,15000
47,150000
36,16600
77,61400
58,44500
73,13900
39,30000
50,165000
50,65000
20,23500
57,54000
72,7200
53,60000
17,2500
72,7500
89,8000
75,69800
50,100000
32,164000
59,30000
56,128000
31,230
49,30000
42,48000
30,1000
30,3000
23,30000
74,15600
57,116000
77,150000
67,299200
23,400
47,51000
39,10400
38,240000
23,10000
56,150000
54,80000
28,18000
25,95000
64,36500
81,92000
48,24000
94,8500
61,17600
74,19200
18,690
23,17400
57,60000
27,24000
68,10100
83,111000
28,16000
58,13000
74,25800
59,15500
37,95000
37,800
21,15000
32,10800
71,12200
36,60000
22,5500
46,53200
67,31000
45,5600
57,74800
50,47000
42,14000
65,120000
19,17000
52,19700
73,13500
48,41600
44,100000
82,14400
59,44000
46,104000
18,5200
71,24600
16,1000
87,26000
70,25300
47,7200
59,27000
39,85000
64,78000
43,240000
42,220000
57,20000
75,24300
17,10400
43,16690
54,60900
45,36000
60,39500
40,184000
40,123000
76,213700
17,1800
66,41400
77,37800
49,164000
42,305000
57,80010
33,39000
74,48800
48,65000
33,52000
61,57000
39,40000
42,115000
18,4000
84,30000
78,8900
26,2000
53,71000
19,11700
19,21300
63,15400
43,13000
44,85000
17,900
66,91000
52,200000
33,62000
67,70000
49,70000
92,41100
22,25000
51,55000
28,43000
29,80000
67,36600
51,348000
61,40000
16,12000
39,10000
63,116800
79,95000
67,14400
71,69000
85,13800
77,18700
54,1100
68,32300
66,205700
46,70000
64,12000
83,10000
52,11900
86,87100
51,90000
62,15700
65,25000
42,145400
64,27800
69,43030
44,30300
61,133000
50,125000
23,3500
47,50000
79,57000
33,104400
66,34600
33,36000
60,110000
25,36000
57,67000
81,82800
44,10500
45,80000
18,3600
65,81090
39,39700
18,3000
44,40000
59,55000
31,90000
18,11300
75,26000
61,70000
39,35000
16,1900
52,30000
42,37700
56,95000
19,18700
49,101000
70,230000
64,200000
80,12800
69,91400
65,46400
64,77000
72,7200
68,4500
42,30400
65,125400
45,127000
73,7500
77,45000
29,87000
49,48000
34,85000
56,210000
83,24700
53,45000
44,55000
81,36000
32,46000
53,90000
68,54000
71,3900
57,46000
30,33000
71,21600
39,800
28,68000
73,29600
66,102000
56,48000
32,47500
57,65000
21,10000
48,22400
44,40000
62,70000
66,4300
85,3600
65,43700
21,3000
54,74000
68,55900
22,14000
88,19000
93,104200
60,900
64,14800
48,100000
56,80000
50,30000
85,19000
76,16800
82,59200
68,13400
74,156000
45,55000
70,12200
54,336000
52,20000
16,60000
86,9600
47,140200
63,35000
19,2500
55,150000
72,295400
69,73000
74,58200
93,18000
18,14000
22,15100
45,64000
42,24000
37,35000
29,11800
63,10600
63,19400
32,12000
80,12000
68,42000
31,55600
37,70000
54,35000
57,69000
43,200000
30,115000
53,120000
18,750
69,120800
83,21000
19,33300
39,100000
33,65000
36,26000
30,43100
70,3000
62,30600
21,14000
60,75010
76,28600
27,40000
40,190000
41,53000
73,37400
19,15000
47,47200
50,259000
69,40200
59,45500
41,121000
35,5000
37,36000
72,49240
66,54000
46,12000
66,25000
69,298000
83,25500
68,11200
20,400
25,60000
84,15300
34,91000
78,33900
41,50000
27,98000
69,54980
42,40000
43,65000
31,32000
25,35000
48,36300
62,120000
61,22600
45,22000
93,55100
70,48600
55,26000
59,67000
54,60000
31,205000
56,110000
72,21000
57,55000
25,54000
29,20000
21,14000
47,14200
83,29500
70,51400
65,110000
49,112800
43,60000
35,130000
44,52000
20,30000
32,95000
53,87000
65,50000
21,14600
18,4200
28,24400
76,33800
40,74000
50,160000
74,131000
37,69000
93,18800
60,122000
63,201500
80,10200
69,55000
71,21500
35,30000
57,243000
63,38060
57,103080
48,60000
34,62000
42,20000
19,13800
88,11800
45,125000
56,105000
62,30000
52,100000
42,120000
20,6000
76,13000
28,18000
62,12800
18,4900
59,65000
54,43300
18,12300
44,35100
52,30000
76,86970
30,80000
71,8000
29,40000
58,18000
68,32700
31,128000
65,2100
32,20300
53,12400
34,280
35,55000
29,300
71,74800
17,6100
81,93700
30,26000
29,40000
83,38900
54,30000
36,7000
64,71600
89,27000
33,4800
55,95000
57,31000
31,40000
70,9200
39,53000
75,32800
82,116400
32,74000
69,54100
18,15600
80,56500
18,4000
30,60000
42,5000
74,371000
84,13000
20,15000
24,28000
22,2000
36,35000
52,135000
31,60000
28,45000
33,200
31,145000
57,51000
55,28400
57,29100
26,100000
59,39900
34,15000
77,54200
26,25000
42,55560
64,19000
25,30000
76,36000
37,100000
36,10000
18,6000
66,154100
33,22000
17,15000
25,27000
64,50000
59,7500
64,11300
32,86000
82,69000
58,25000
58,84000
18,40000
61,150000
32,8200
46,11700
64,18000
25,15000
74,16400
66,8000
22,25000
94,25800
37,6200
65,20000
45,65000
76,86000
74,102000
63,110000
78,64670
58,140000
85,6000
30,52000
50,132000
22,5000
54,78000
43,50000
26,40000
83,9000
42,1400
76,47000
67,82800
56,39000
47,130000
24,20000
35,12900
56,5300
32,8000
44,95000
71,9900
16,3000
62,5500
55,68000
63,89800
55,30000
46,80000
66,177100
73,153010
67,40000
24,11000
79,67900
36,30000
70,28100
59,10000
77,32900
42,73000
71,24800
35,78000
70,15000
64,19800
66,52500
36,6600
57,5580
55,45000
26,15400
37,80000
37,80000
44,9200
41,100000
38,40000
61,85050
60,36000
16,5100
61,80000
73,9800
43,70000
67,14130
86,24000
42,25000
27,87050
69,186000
58,31300
58,80000
50,27200
46,130000
41,51000
34,16000
40,62000
16,10000
44,48400
57,60000
74,324350
74,16000
40,60000
40,20000
18,900
33,64000
71,53400
71,21000
67,73100
28,160700
61,39000
45,60000
38,51000
62,2000
73,84600
81,3600
64,75000
28,35000
25,14000
40,48000
55,64000
30,47800
59,8000
52,14000
16,1600
66,31000
16,200
87,10700
63,7500
18,10400
78,18400
64,146000
47,60000
44,103200
50,85000
81,9000
74,26900
71,18000
66,9000
32,50000
27,60000
55,103000
56,68000
70,123500
20,15000
40,95000
35,110000
28,77030
58,104900
94,12000
47,35900
67,7100
44,110000
53,41340
79,33500
42,221000
71,17700
18,1200
65,30000
79,13600
63,4800
45,95000
70,42600
81,61800
63,42000
70,206000
34,48500
53,42000
53,80000
26,35000
21,10000
27,140000
20,14900
50,95000
86,13300
75,36000
54,66000
68,14000
78,18800
47,74000
46,200000
27,40000
58,9000
71,330100
75,22600
57,10400
44,3100
18,2400
51,70000
52,40000
53,40000
32,57600
51,32600
70,18000
36,50000
46,250000
54,24000
27,45000
37,125000
48,125400
71,28000
54,50000
66,62000
18,16000
34,65000
57,11200
18,13700
41,22200
69,197000
33,10000
45,55000
61,5000
64,37400
66,232800
33,38800
65,90050
88,120600
67,54400
63,13170
18,17300
73,88000
24,33700
41,79000
48,19000
28,50000
42,12000
36,5400
29,25000
74,45300
35,9200
45,46000
56,72600
38,2300
22,12500
57,12000
72,36000
64,112000
52,125000
19,12600
61,18000
68,78000
83,16800
57,12000
59,61000
19,60000
59,21000
22,30000
33,11000
72,41200
72,69100
76,39800
36,56000
43,48000
69,18160
58,19200
19,1500
38,12000
59,20000
53,114000
75,25000
62,185400
77,10200
17,10000
68,38710
32,70000
50,100000
39,200000
66,10800
79,7200
59,160000
41,6000
59,45000
77,13000
37,100180
38,18300
52,28000
53,90800
68,36000
59,50000
64,16900
60,3700
42,34000
62,128000
42,26000
59,20000
55,14900
43,48000
24,60000
83,129700
74,100000
44,130000
61,70000
50,70000
20,25000
50,90000
82,1800
18,7200
66,43600
54,78000
42,40000
40,176000
64,33000
33,50000
37,6200
53,60000
38,58000
71,18400
87,20300
66,40000
63,16000
40,1000
78,59100
60,72000
59,190000
39,232300
66,41000
29,32000
94,14900
17,6700
58,18000
32,78000
67,45800
68,1800
25,12500
21,120
32,123200
67,50000
44,45400
25,80000
37,86000
60,81000
55,100000
75,60000
21,1000
36,420
32,46000
52,63000
66,15500
58,150000
46,42000
45,30000
58,42000
38,140000
76,32000
42,47500
41,1500
19,2300
72,178200
61,57000
32,50000
73,22800
38,100000
61,100000
80,167810
15,670
57,58000
64,67600
38,15000
59,47000
40,30000
28,6000
72,41000
84,151000
44,120000
57,15000
74,331600
57,640
68,1600
48,40000
18,12000
54,21040
36,170000
48,36000
29,46000
50,125000
42,48000
41,80000
63,2000
63,38000
32,55000
72,14300
32,80000
86,19400
51,47000
66,75000
50,10000
20,300
45,90000
80,23400
43,70000
66,18000
38,73000
66,71800
66,63020
55,70000
80,13800
40,2000
35,40000
82,9600
30,131000
67,143000
38,45000
42,42000
55,65000
25,40000
41,44400
34,60000
28,26000
46,100000
38,200000
57,23400
92,23000
36,75000
79,69500
17,1200
40,78000
57,50000
88,49700
40,72000
17,12000
25,36000
22,10000
25,15000
22,5000
78,15000
23,25000
16,530
36,19700
29,90900
76,65400
55,60000
18,16700
75,69500
53,20000
42,100000
27,45030
73,10200
66,55000
76,8100
75,10700
27,65000
75,40000
25,327000
39,68000
35,60000
58,95000
55,37400
22,24000
29,7000
25,10000
69,173000
41,32000
65,1200
15,500
48,75000
32,80000
25,65000
63,55000
55,15000
23,1200
33,68000
64,50000
66,27700
63,129690
33,140000
36,147300
94,52700
67,130000
43,90100
34,120000
17,4000
68,46800
52,1500
38,760
57,60000
30,6000
55,50000
61,3200
67,36400
18,1200
58,2500
28,104000
66,16200
81,31400
71,14900
37,21900
18,6000
84,24300
71,32000
60,21000
44,50000
53,6600
30,30000
67,14000
39,75000
25,70000
21,25000
76,1600
20,4000
18,15000
60,70700
58,94000
65,800
44,300000
80,113600
49,83000
68,90030
77,56100
20,8000
45,40000
23,55000
69,60200
81,21600
61,26600
61,120000
36,56000
87,38100
58,39000
43,30000
76,56000
30,200000
70,31600
31,27800
47,109500
52,100000
47,98000
51,35600
76,12000
32,8000
76,3600
66,12500
63,1800
35,27700
67,47200
22,8000
86,2900
71,35400
69,8000
43,27300
49,80000
40,145000
94,38500
46,55000
49,70000
43,55000
20,9000
35,10100
58,4000
69,17800
62,21600
18,360
75,25800
59,105000
21,50000
34,40000
73,26000
68,17900
83,11730
81,4500
55,33100
74,57600
22,13000
65,155000
21,2000
27,10000
41,60000
87,37200
36,52000
77,2500
95,36300
70,56000
25,20300
69,6800
75,15000
45,35000
38,100000
19,8500
30,101500
63,60000
31,70000
29,63000
42,63000
62,12000
32,35000
67,60000
72,55000
38,70000
45,150000
59,103000
81,4800
18,8600
78,11000
39,45000
40,96000
70,10100
34,10800
25,50000
72,56800
53,44000
22,30000
44,8000
22,30000
23,55000
57,200000
28,70000
38,6100
62,170000
19,18000
35,23900
44,24000
79,43000
30,24000
45,42000
59,205500
74,35000
59,12000
32,5000
66,22800
23,10000
61,22800
28,67000
62,60000
24,37500
28,30000
23,1900
68,12200
25,24000
39,45000
28,100000
48,84800
27,30000
42,83000
68,100000
31,84000
46,34000
54,70000
47,36000
54,42000
65,29000
19,4000
49,5500
66,38800
59,70000
40,60000
76,37200
38,55000
67,37500
67,23600
29,30000
29,55000
57,16800
73,18300
66,105300
45,3000
62,300000
61,31200
29,45000
21,12200
94,144200
69,19300
70,6000
40,117000
73,116100
21,24000
25,24000
79,47100
68,45000
70,40100
37,21000
40,42200
50,300000
50,85000
51,500
84,66100
43,110000
26,29000
84,57400
46,48000
18,4100
62,120000
37,103000
42,8000
75,58100
34,90000
52,115000
77,117000
75,24000
28,117000
52,50
70,18900
78,56800
20,19000
67,331000
45,2000
82,33700
47,50000
73,23100
67,44000
27,24000
71,5800
22,21000
54,1600
29,11000
62,30000
59,30900
75,36000
26,65000
77,13000
41,9500
32,6600
72,358000
75,22100
66,26800
71,65600
67,103200
31,103000
81,164000
65,48000
75,24000
88,12000
23,15000
54,102000
25,50000
58,85800
43,14500
44,150000
38,72000
55,2100
30,80000
64,10200
49,100000
64,43000
43,150000
16,1700
72,2400
30,35000
23,2000
90,14500
82,179400
62,56000
60,60900
18,500
18,1200
31,35000
37,15000
46,12000
41,4800
49,4000
27,36000
65,70000
49,8500
54,65000
23,20800
31,500
45,80000
47,18000
38,46000
52,54000
81,4800
76,15800
71,1300
31,10060
86,55600
66,12100
72,105800
21,27000
48,14300
80,47200
58,66000
32,60000
84,30900
21,19000
76,135300
18,2000
74,65000
52,100000
82,12000
77,92700
46,19200
71,31200
34,220000
87,50100
73,19700
29,20000
44,300
77,36000
42,100000
63,40000
42,330
17,27000
73,33100
59,230500
69,30000
45,26900
66,16900
73,25000
50,23000
75,106400
70,51000
51,100000
79,49650
28,65000
26,8000
17,8200
52,32820
20,7000
58,17400
37,72000
17,800
71,35000
46,120000
39,45000
56,18000
64,21500
69,90000
47,32000
62,47800
39,45000
37,11450
51,55000
48,80000
37,55000
28,132000
70,43900
34,32000
71,16800
76,19000
36,29000
74,44050
30,88800
60,84000
34,26000
47,14000
68,52000
56,125600
53,105000
52,2600
69,64400
31,40000
69,120700
44,83000
31,45000
33,60000
44,66000
49,65000
85,30000
81,37900
74,21900
81,10200
40,140000
25,24000
93,7900
32,230000
51,45000
57,26000
40,62000
67,70400
77,15000
35,129000
43,35900
66,21000
61,96000
24,20000
31,56000
35,300000
52,220000
84,50100
42,58000
53,125000
27,27000
83,14400
66,131000
34,30000
71,33600
81,17500
79,23650
68,29800
57,12000
94,21400
75,8020
65,28000
34,46000
47,60000
66,14900
62,50000
71,11380
55,180000
88,131700
64,19000
54,50000
21,11000
61,181000
54,8000
74,15600
81,82250
72,50100
74,15000
20,19200
17,5000
63,1200
73,9600
28,48000
72,7150
41,46640
43,160000
83,37310
59,22000
28,85900
68,55200
51,50000
43,120000
38,60000
32,62800
67,27900
35,30000
86,46000
65,70000
46,110000
40,60000
31,40000
22,5000
39,4100
67,115000
69,14500
66,14000
53,60000
62,65000
36,30000
69,33000
54,78500
34,32000
17,8000
54,52000
20,12000
43,158000
44,152000
17,1500
61,10800
77,5000
43,34000
45,15900
24,20000
38,28000
61,50000
89,33000
20,20000
32,55000
81,33000
19,800
63,20000
66,12000
94,92600
40,25000
46,78000
28,7000
45,50000
69,69000
71,33000
27,15000
59,350000
74,21900
93,68200
67,22000
37,112000
71,13500
42,10000
85,36700
66,18000
47,27000
69,30000
21,2400
63,25000
58,78000
66,33900
64,50
32,120000
53,2300
26,12000
59,107300
71,90000
78,22600
28,58000
37,40000
75,17500
32,83000
55,33300
58,290000
49,100000
27,65000
33,97000
59,50000
32,58100
61,28000
54,263000
41,79000
71,12600
23,6000
69,138200
39,37000
68,12000
88,8500
43,43000
59,51000
83,37200
60,64000
34,30000
74,40000
31,56000
24,70000
18,8000
69,19100
50,5700
62,71000
58,9800
28,20000
57,77300
41,80000
48,35000
31,115000
64,129000
91,26300
44,65000
36,40000
38,97000
74,32000
24,25000
58,50000
59,5000
75,15500
56,54000
64,100000
16,470
36,80000
18,10000
73,85000
78,12700
37,5700
75,18500
43,15000
67,37000
46,55000
59,125000
29,75000
73,73200
64,35000
53,41000
70,131400
31,75000
80,37650
64,32400
46,60000
52,67000
24,75000
15,6000
94,54000
71,6700
86,12000
25,57000
63,9500
63,50000
79,14000
58,46000
28,90000
56,125000
81,3600
63,71000
56,120000
49,26000
71,48300
67,41400
82,5000
67,51300
63,25000
80,30200
36,27000
20,15000
76,14400
59,120000
50,52000
61,30000
56,79000
29,26000
45,75000
69,23900
38,73400
45,17500
58,155700
52,77430
60,30000
65,6200
55,52000
74,125500
71,12800
42,85000
39,2500
34,15000
53,5000
16,1300
50,6000
25,30010
36,186100
47,171000
73,51000
35,130000
58,153800
36,14000
43,10000
51,18000
49,85000
82,13800
28,28000
71,60700
43,350000
30,100000
50,70000
18,2000
75,119000
40,87000
38,68000
19,1300
29,90000
36,6000
57,200000
84,74700
25,11000
19,22000
41,22000
72,45600
16,10000
53,30000
41,90000
56,225700
73,11500
68,11000
38,125000
66,94000
69,43000
42,42000
39,9600
71,18200
50,95000
38,85000
40,85000
21,8000
23,8500
41,12000
43,80000
71,21500
63,82000
62,30000
21,26000
18,48000
18,6800
68,14200
48,52000
63,16800
41,90000
65,47100
78,81100
69,16500
79,65600
56,20700
46,79000
40,15400
75,7700
69,43000
71,20000
75,21900
65,61500
59,254500
49,120000
22,4000
46,94000
33,70000
69,13600
77,45600
73,17800
74,16900
72,70000
45,60000
58,310000
18,8000
48,30000
40,70000
78,17000
57,70000
64,12000
32,48300
75,195000
71,149200
69,17100
31,100000
79,71400
35,2700
67,33700
43,13200
94,53600
58,33500
62,124500
26,47000
54,105000
20,3000
18,8800
68,75000
48,70000
70,28500
58,16900
23,15000
67,36500
53,45000
59,267000
70,21000
56,73000
64,9800
17,750
42,70000
46,90000
48,80000
72,55900
60,34800
30,1000
77,40000
43,100000
35,86000
27,90000
20,17000
38,36000
16,1800
69,26600
62,98320
92,16300
40,20000
75,21000
56,75000
51,247000
45,49010
38,208000
45,90000
40,178000
56,30300
89,38000
36,36800
75,24900
18,1500
54,49000
31,15000
55,80000
46,55000
66,28000
32,78000
31,35000
76,15600
72,55200
55,1500
22,30000
72,50200
74,125000
74,1400
81,46500
20,1000
83,36000
61,10800
73,98200
32,15800
34,33000
56,35000
77,23000
74,77400
90,12000
67,100000
77,72010
51,60000
45,100000
20,35000
56,13000
53,114000
37,25000
54,111000
46,57000
26,120000
30,53000
22,13500
92,24100
67,175300
93,33400
76,42000
73,108500
32,41200
59,60000
16,40
42,50000
32,3000
56,3600
74,58500
59,188000
23,60000
54,25000
66,106700
43,40000
52,8000
31,19900
65,1300
62,20000
42,70000
61,53000
30,30000
94,1900
38,45000
52,38000
26,13500
84,37000
82,13400
26,33700
21,13000
18,3000
60,85000
22,40000
34,27900
30,30000
63,95000
66,85200
38,165000
52,10300
79,21200
65,23000
67,6500
42,11200
34,25500
48,104000
46,33000
52,60000
76,55000
86,53200
70,15800
62,75000
69,1500
52,47000
41,180000
87,48000
69,23000
48,25000
78,267300
57,162000
47,63000
42,50100
54,80000
45,52000
79,10000
81,35000
44,110000
24,24000
80,29900
71,136600
52,48000
70,44940
20,10200
67,54000
74,21030
70,44200
61,59000
73,35000
45,60000
27,65000
67,28200
63,77000
24,9000
30,2000
33,2000
69,8400
33,93000
60,114300
26,36070
41,70000
57,2600
59,200000
65,74000
55,76700
85,45000
24,40000
16,200
28,600
34,30000
67,12000
24,21800
63,11000
34,56000
29,1800
58,133000
53,18100
37,20
50,5000
20,21000
52,47000
74,100500
73,11000
38,50000
77,21900
44,18000
80,24000
34,66000
20,17700
62,25500
56,190000
45,6000
51,60000
57,64000
55,65000
33,21700
28,35000
69,56900
65,208000
57,50000
22,28000
68,23840
62,73000
35,26000
71,13500
73,19000
32,95000
85,37000
64,35300
68,16600
80,12000
72,45600
80,7900
64,150000
57,55000
21,8700
23,20000
23,38000
66,33000
20,1500
56,45000
73,1400
39,60000
26,52020
20,48000
56,160000
88,11200
56,24000
30,19900
70,16300
21,11300
65,74100
47,89010
49,132000
17,2500
44,68000
52,50000
27,100000
49,57000
41,197100
87,46500
19,82000
36,88000
57,48000
43,71000
29,110000
76,18100
53,54000
71,135000
57,16500
65,109400
66,11700
63,124000
65,6000
47,50000
59,76000
94,36860
46,120000
17,2400
34,85000
86,32800
25,40000
70,6600
31,60000
39,87000
45,15000
94,33800
30,90000
41,90000
34,36000
26,36000
38,80000
57,280
47,56070
64,5500
87,34600
59,26500
61,120000
55,34100
64,69000
57,168000
60,75000
58,67000
66,18000
49,120000
43,40000
32,50000
45,35000
36,35000
75,4300
68,98200
53,30000
86,16700
58,50000
21,17000
38,14400
25,21000
48,107000
76,8400
48,150000
73,27600
21,15800
73,30800
71,14500
48,34000
23,2300
57,31400
42,76000
66,15400
43,75000
29,53000
78,9000
58,240000
65,10000
27,18000
56,62000
85,113400
33,92000
51,43000
66,110000
66,98400
24,2500
32,43100
27,32000
32,3000
37,54000
41,135000
84,43200
35,95000
61,88000
93,138000
68,34800
30,167000
50,60000
45,90000
56,13500
34,43500
63,37300
55,50000
56,52000
26,100000
71,15100
69,24000
60,65000
65,100000
25,75120
59,190000
27,35000
69,27790
17,3100
36,100000
66,24400
73,16100
50,133000
63,2870
22,28000
42,100000
37,105000
77,1600
40,100000
78,10800
67,58400
75,47500
69,25100
31,26000
61,5400
82,10400
68,6400
38,55000
69,11000
29,15000
22,25000
75,76000
65,13200
28,38400
72,59900
34,60000
23,15000
43,18000
40,49000
62,68000
38,55000
17,12000
80,29700
44,25000
86,25700
45,150000
19,7000
54,130000
36,30000
52,175000
81,12000
80,20300
20,50000
20,20000
67,44800
20,13000
78,133200
69,33600
24,20000
68,37000
41,32000
17,6600
57,33800
69,3200
61,22000
65,70000
35,120000
44,200000
40,5700
74,28200
18,3500
41,89000
95,46800
69,19300
53,72000
57,75000
83,10800
24,60000
40,38400
76,740
39,71000
46,4700
29,11000
23,13500
92,3300
63,16800
79,49000
53,48000
79,37600
22,94000
43,12400
39,55000
26,35000
48,59000
24,2200
66,32000
59,23000
46,12000
60,275000
26,10000
69,21400
74,104000
71,62500
20,3800
45,70000
68,25600
42,2000
84,33000
39,8000
47,1000
47,250000
38,43000
35,140000
25,40000
67,252990
51,40000
27,2850
40,35600
55,12600
81,24000
32,49600
72,40100
47,60000
55,90000
63,85000
64,52000
56,77000
62,41000
39,135000
56,120000
25,49000
53,24000
77,87900
69,32500
54,65000
42,2800
75,28400
63,71000
87,3200
49,96000
44,90000
63,89000
55,6300
27,36000
63,68400
42,104000
64,105000
46,195000
77,20000
15,500
76,28720
31,24900
76,45400
38,20000
42,44000
46,29600
50,50000
84,50100
42,6000
30,22000
31,33200
36,65000
43,270000
42,42000
44,60000
52,66000
50,32500
21,8300
56,43000
54,12400
46,97000
23,50000
16,5000
66,33000
52,120000
67,12700
51,350000
55,40000
32,70000
56,158000
53,3100
67,6200
71,43000
71,23400
70,14910
71,50000
17,190
78,30110
41,226000
68,30600
48,40000
73,61000
39,20000
65,55000
24,13800
66,100000
75,173400
52,28000
68,10100
76,14960
44,72000
41,11000
48,10000
27,30000
33,85000
66,72200
67,13200
68,14400
53,120000
19,18000
48,24100
22,21600
75,54800
52,15000
21,5600
29,60000
42,70000
64,127000
70,24700
59,11700
20,25000
34,30000
54,50200
73,6000
54,11490
55,2500
25,19600
60,50000
63,80300
50,320000
55,49000
70,24000
71,18000
61,50000
66,51000
60,65000
22,6000
16,350
81,99670
36,130000
56,63000
56,70000
74,75000
54,5000
62,90000
66,65200
60,45200
81,7200
41,67000
67,103000
39,150000
78,65990
28,40000
29,99000
53,37000
51,28000
46,45000
56,9800
36,10000
59,1900
39,69000
45,60000
69,14100
27,40000
38,264000
82,37300
32,114000
23,21000
51,125000
31,40000
32,210000
50,16000
46,120000
37,60000
52,85000
84,31100
69,4100
76,367200
30,163000
52,35000
30,89000
86,59700
20,1000
59,14000
53,6400
61,89700
71,55300
35,132000
67,190300
23,23000
54,109000
39,33000
41,140000
83,13200
38,115000
77,12700
72,58600
44,35000
43,52000
72,32080
39,38000
68,7200
52,115500
30,8000
87,53900
30,32000
23,20000
87,3000
73,17160
74,12000
56,18000
62,183000
57,34000
56,36000
22,25000
64,42100
21,11000
46,3500
81,97030
42,70000
77,11200
20,18000
45,8400
36,80000
24,30000
19,11000
58,38000
47,14000
60,60000
47,49000
33,170000
73,37900
49,86000
66,13600
62,29000
42,26000
58,2000
21,16800
70,11500
35,20000
67,144200
43,51000
29,43000
56,45000
72,46800
82,49100
65,128200
85,10100
74,45600
64,77700
55,150000
27,57000
73,12000
30,272000
63,48300
67,6100
36,99100
77,12100
48,99000
64,22600
64,15000
77,131200
91,20700
69,15000
36,28000
37,20000
68,209600
64,13800
54,8600
57,112000
77,24000
75,4400
87,12000
24,60000
77,34200
24,20000
63,24500
75,19800
63,120000
35,142000
87,8800
29,32000
81,14400
42,75000
76,132600
24,5600
61,70000
43,42000
62,50000
23,12000
24,23700
64,79500
72,12500
56,40000
61,88000
27,40000
94,11000
52,155000
57,32000
32,230000
42,23004
35,35000
35,75000
31,40000
57,14000
74,1300
16,800
71,5900
28,97000
62,35000
47,60000
31,35000
64,52000
49,20000
82,43850
60,38400
31,105000
51,109030
65,58410
75,44550
15,1000
59,60000
82,21000
53,85000
65,69400
82,26300
72,35100
70,82000
63,55000
65,49100
52,62000
33,8700
41,28000
17,950
38,100000
69,7290
27,40000
75,36300
23,17000
61,12000
45,59000
32,20200
42,59400
55,30000
58,32000
26,30000
45,54000
66,9000
23,20000
70,78700
21,3000
70,49200
20,15000
78,13200
64,7000
70,16100
64,15100
42,66000
43,58000
55,13800
34,8000
61,250000
59,17500
87,20300
49,57000
64,330
72,16220
40,39500
44,50000
41,3100
32,60000
61,90000
73,1300
19,5000
50,80670
40,91000
81,58200
57,69300
64,18300
30,6800
19,4000
33,170000
44,115000
83,22600
69,10500
71,2000
79,17270
75,7000
69,40000
30,56000
74,26350
50,50000
21,5000
40,95000
22,25000
38,45000
79,66800
85,25200
50,80000
76,33900
48,93000
43,60000
16,3000
60,38000
68,12300
65,14000
64,15300
87,3400
67,31900
66,66000
22,12000
66,52200
73,9600
84,11200
48,100000
46,160000
33,12000
30,78100
32,22000
79,18000
75,97400
81,29000
62,47000
34,10700
69,10000
22,120000
43,35000
75,13100
71,18500
55,12000
48,51000
51,49000
49,51000
48,70000
52,70000
28,78000
23,45800
17,3900
24,4000
38,43000
20,7000
69,30300
29,99000
40,330000
33,5400
37,67000
27,23300
53,100000
24,45000
15,5800
70,118000
60,740
68,27600
77,21600
89,33200
34,30000
88,21200
60,5930
76,164800
93,79600
40,30000
32,40000
33,25000
48,38000
33,36000
40,1300
62,66000
38,6300
62,17200
38,53000
61,92000
39,80000
41,100000
55,74000
41,85000
71,92100
71,75000
24,48000
20,13000
58,25000
16,3000
72,33500
59,86000
35,24000
64,105000
31,100000
33,45000
48,12000
32,35000
26,65000
37,68000
67,34400
22,2300
64,34600
40,2900
30,64000
19,4000
43,35000
34,34000
23,20000
71,58900
60,65000
31,18920
59,70000
68,81000
29,50000
26,50000
69,12330
43,100000
90,3400
69,64100
47,14100
59,3500
91,188000
50,188000
46,30000
60,103000
40,18000
38,40000
74,94400
72,11000
36,25000
58,56300
25,120000
44,5000
57,1400
65,39900
69,9300
22,28800
44,77000
59,114900
67,9600
37,87000
54,32300
43,77000
49,45100
30,50000
52,116000
60,73300
53,60000
30,60000
55,54000
19,1500
55,50000
32,48000
77,10900
45,310000
22,20000
29,7000
68,15000
36,19400
67,204500
81,17500
47,290000
24,100000
84,22900
27,12000
17,1700
46,99000
50,60000
54,100000
46,120000
25,8500
72,19600
30,48000
37,13000
38,275000
80,16800
66,31100
58,106800
71,53100
19,5000
65,18000
39,33000
24,9000
47,65000
28,45000
41,57000
46,36000
53,102000
46,14010
61,20000
27,24000
45,60000
38,152000
41,13000
31,54000
61,43400
26,30000
41,90000
43,46000
40,37000
73,13600
28,80000
19,2800
68,20100
50,143000
24,4000
21,10000
40,80000
52,201000
58,60000
70,11500
47,20000
70,20500
54,39500
43,83400
30,1000
18,2000
70,70400
69,68000
68,4800
43,65000
64,165000
41,130400
75,61500
67,12000
31,12000
60,107050
28,30000
52,65000
75,10800
67,49000
57,59100
29,60140
23,11400
76,23800
63,27000
71,8500
74,26000
74,59400
45,132000
77,98600
37,3200
46,37000
56,153000
48,168340
63,148000
67,63600
23,32600
78,11500
20,1000
39,96000
16,1500
30,106300
60,80000
38,40000
60,50000
70,9000
54,200000
30,13000
59,7600
84,212230
60,10600
28,24000
74,9200
36,12400
80,28900
73,24000
75,68800
37,30000
82,7900
32,45000
22,35000
43,1400
56,118760
58,12000
24,40000
51,8000
47,48000
30,115000
65,1200
83,11000
26,60000
18,1100
54,50000
52,45000
57,32700
84,29100
22,23000
61,10000
60,21600
56,29050
56,90110
29,125000
45,38000
69,37900
38,100000
38,30000
70,64700
82,44400
54,30000
83,95000
75,63100
71,3800
35,215000
25,4000
28,30000
76,5400
73,44700
66,43500
18,20000
47,40000
34,25000
32,39000
34,70000
60,62000
65,13800
42,42000
83,42000
46,4000
62,240000
16,1800
57,277000
85,13100
60,2800
39,12000
81,16200
27,40900
63,15750
52,339000
59,2500
55,100000
38,350
36,230000
89,43200
78,66000
69,9900
28,54200
45,65000
80,20900
51,85000
63,35000
68,31370
33,45500
22,6000
62,40000
59,35000
53,47500
19,11700
49,95000
71,21500
66,43800
70,18000
58,60000
71,20400
72,12600
70,11100
70,54000
62,81000
86,6000
36,90000
16,700
34,58000
50,62000
18,120000
50,32000
62,70000
44,65000
25,26300
69,88080
50,30000
53,186000
64,53000
63,50000
47,71000
46,75000
81,10600
17,600
63,177100
26,25000
68,10
16,2100
23,750
86,21000
38,160000
63,32200
66,36250
39,153000
54,240000
44,18700
26,88000
70,40000
39,260000
80,27300
48,45000
48,61400
66,87000
43,42000
22,6500
62,8500
17,2600
27,175000
34,5100
59,34000
64,8800
58,72000
73,15100
53,45400
24,28600
44,24000
24,7600
65,16100
61,29200
76,65390
33,45000
37,2600
83,38900
43,180000
36,70000
56,52000
73,20400
40,6500
94,35400
42,29700
17,9000
51,52000
40,95000
17,3000
26,38500
70,22600
53,55000
74,38300
71,60000
27,36200
42,37800
39,27000
51,43700
48,60000
44,14600
69,47300
60,31200
69,50800
74,5000
57,200000
80,35400
75,32800
37,50000
23,10000
61,80000
64,60000
33,34000
61,32000
66,41720
94,80200
40,100000
69,168000
59,105000
56,9100
59,20000
56,36000
41,342000
28,70000
45,27600
83,19500
39,24000
35,85400
85,57000
22,7200
70,63900
67,58800
93,196000
94,34800
39,20300
54,35700
92,40800
76,23100
21,23000
59,43300
73,36810
69,9700
72,41500
39,50000
56,18300
66,73000
19,8500
48,30000
44,14900
46,50000
76,174000
73,30100
76,33700
64,14000
56,45000
55,115000
43,131700
59,36000
65,46300
61,48800
34,130000
74,94400
24,25000
41,27300
52,265000
60,14000
56,50000
17,5000
60,24000
51,43000
48,86000
37,20000
68,38000
78,10800
38,162000
35,124000
49,75000
67,48400
52,2100
45,52700
43,10000
58,18000
92,33400
54,5000
52,45000
37,14400
15,10800
21,1600
50,160000
31,85000
78,142400
59,25600
45,48000
42,155000
46,18200
81,30400
39,48000
49,35000
65,6600
64,2300
39,105000
72,32200
62,117000
53,140000
41,80000
83,24200
46,60000
19,9200
50,43300
26,68000
74,15000
17,11000
72,122000
64,96800
84,103000
28,35000
76,1900
86,10400
50,152000
23,10000
75,29000
85,18600
80,81700
57,560
25,76000
54,57050
39,236500
30,44400
20,12000
70,53400
34,40000
55,26000
66,61000
61,224000
21,1900
38,100000
66,42000
21,18500
39,43000
65,14100
56,133300
66,39000
22,10000
62,10800
60,56000
43,1500
31,28000
21,4800
60,120000
67,30600
79,44600
24,27000
72,36000
64,55000
41,60000
27,44000
72,52000
47,34000
62,29220
37,400
69,43900
47,175000
62,9900
81,11700
81,28100
56,55000
67,25200
48,52000
19,1000
62,52000
83,64300
75,10800
53,42600
89,31500
87,32200
15,7000
94,28000
54,40000
57,78010
67,47500
32,190
51,100000
69,35900
28,120000
27,52000
42,1200
25,54200
58,12004
34,146300
30,46100
28,41300
49,100000
88,15600
38,87800
34,61000
80,12000
66,46400
37,32000
69,20000
59,8400
77,34800
46,70000
19,2000
40,65000
30,75000
32,49000
32,65000
21,8000
20,14000
31,40000
75,32400
38,72000
69,6600
94,21800
44,25000
61,1300
47,43400
76,53400
76,164000
53,11000
34,90000
27,10000
53,60000
68,10200
78,17900
31,8000
68,133600
67,38400
46,95000
68,38500
85,20400
18,800
44,14000
59,110000
47,110000
76,4800
18,800
63,41000
26,3200
18,960
50,63000
48,30000
59,90000
38,37000
35,80000
63,26700
21,1600
59,44000
29,24000
68,55000
44,61000
44,17140
35,60000
26,45000
57,36500
48,200000
26,8700
70,12100
43,40300
40,28000
36,110000
70,36100
21,9600
27,40000
72,18500
87,83700
81,43200
63,223000
69,13100
53,178000
54,110000
76,13000
52,4000
59,50000
39,35000
80,55100
74,2200
59,58000
53,96000
51,150000
27,12000
56,17800
19,5500
61,44000
25,25000
66,82700
71,19000
73,48000
55,24000
45,196000
25,85000
78,16000
37,100000
36,74000
18,18000
74,19000
21,7000
53,105000
52,9000
52,140000
26,100000
77,20500
29,101000
44,41000
18,5000
58,34000
58,45000
55,60000
71,148700
84,38000
80,40500
59,25000
53,55000
94,375000
63,65000
45,6200
71,38400
69,51000
73,46000
73,42000
33,29000
59,81000
25,19000
48,20000
61,75000
81,13200
40,42500
61,36490
41,100000
63,159300
32,65000
34,35000
66,59000
23,15500
85,25000
54,77000
57,23400
20,21000
59,296000
74,18100
55,19500
52,15500
63,13300
82,1700
74,14000
27,89000
38,52000
17,9000
62,11640
31,53000
69,52300
46,60000
31,55000
52,80000
46,65000
45,80000
23,82000
52,36000
34,113870
32,60000
27,40000
60,12060
39,110000
78,9200
41,37000
19,2500
54,50000
54,120000
24,36000
32,50000
45,6000
66,19900
42,120000
48,75000
30,52000
53,60000
15,1800
30,100000
19,1000
41,27900
29,115060
63,1600
28,75000
88,69900
78,10500
41,231000
51,550
45,55000
46,104000
55,12000
51,32000
80,69200
18,1200
55,47020
57,8400
21,30600
45,225000
24,31000
62,100000
74,105600
37,22120
54,12000
37,93000
47,69700
21,9800
49,36000
78,179200
36,58000
24,40000
55,73000
62,85200
41,58000
66,75000
25,18000
19,12000
23,50000
87,16300
22,45000
77,18500
66,14600
52,61400
22,40000
16,1400
77,28700
22,10900
48,12000
81,21000
41,53000
55,11000
42,93000
74,31200
39,19400
63,41000
50,81000
64,11000
34,7500
25,38000
69,24000
55,115000
55,28000
36,4500
38,21000
55,42600
37,13600
65,7400
73,2000
49,47000
41,5000
78,8800
58,74400
74,26000
78,210000
44,335000
22,36000
23,20000
67,2800
54,62000
36,73000
80,32200
48,17800
36,43000
66,30000
24,60000
53,1500
46,90000
61,12800
20,10000
70,38300
45,16000
57,38900
54,57000
53,60000
73,117000
57,7100
73,24000
37,50000
66,38000
63,69900
83,13000
45,150000
66,32600
71,37460
24,15000
46,100000
38,3600
51,325000
64,101300
41,51000
34,16450
38,20000
26,50000
53,20000
53,58000
31,44000
35,62000
67,86000
35,90300
47,27000
33,50000
33,20000
26,21600
38,23500
46,90000
70,28200
81,29600
55,55000
65,4300
24,30000
71,24000
59,10000
66,10400
25,50000
75,60800
64,29000
71,59300
50,14400
78,2000
44,60000
17,500
52,60000
49,45000
49,22900
23,63000
75,6400
92,39800
68,38000
66,36810
35,60000
57,44600
77,34600
18,4800
78,31000
54,140000
78,25000
70,56600
55,30000
84,27300
64,13000
54,72000
76,4700
47,34000
63,8800
16,4000
38,55000
71,42000
30,130000
71,35000
19,5000
40,39000
58,48000
23,18800
59,58000
70,75000
58,4300
60,1400
75,41000
37,15600
75,65000
24,6300
50,63000
27,89000
26,136470
42,98000
70,65900
84,18600
63,30400
37,130000
36,85000
38,65000
48,65000
39,52150
26,90000
32,60000
75,2700
30,40000
44,100000
17,2200
36,14900
74,33600
17,700
52,60000
73,12000
22,75000
76,133500
50,53000
65,77000
70,38230
60,9600
23,10000
47,22000
36,73000
21,20000
33,110000
48,375000
49,80000
56,70000
22,6000
61,264000
36,2900
59,50000
82,202000
72,42410
40,6000
38,38400
80,16300
58,80000
42,31400
54,4700
75,197600
69,7300
59,31000
48,25000
33,60000
72,14800
62,36260
75,18400
18,3000
24,28000
61,13800
66,11600
22,40000
42,150000
57,153000
32,64500
35,29000
34,11300
63,19580
55,40300
40,30000
70,31200
83,22300
34,16500
81,13000
84,25000
23,59000
17,500
94,42000
68,3300
53,6700
19,13000
63,26800
59,50440
34,120000
22,30000
76,64100
21,1600
47,50000
27,8000
68,15000
36,60000
38,79000
71,37040
31,77000
69,66600
64,15500
28,70000
20,14000
30,100000
73,56000
93,7200
55,36000
55,65000
50,110000
67,13400
63,22000
41,19000
33,243680
66,12100
59,15000
65,20000
69,21600
37,80000
51,140000
76,75300
59,60000
16,5000
24,75000
59,55000
58,28200
53,12500
73,62200
33,284000
44,50000
39,44900
63,19800
78,69200
69,67400
72,36500
61,14400
47,60000
71,14300
25,30000
38,103000
48,63000
54,47000
38,23300
39,110000
57,81400
85,8200
22,41500
77,17500
61,166000
62,150680
75,68700
69,73000
64,60100
80,19200
24,6700
26,27000
66,46000
79,18400
49,46500
63,30000
25,65000
68,25020
65,12600
36,36000
85,16500
67,47800
19,24000
16,11000
83,21000
50,59000
65,57800
65,910
60,20000
85,66600
72,13600
55,90000
31,1300
76,14000
49,4500
76,3900
36,101900
32,115000
79,12000
66,10800
29,57000
19,3000
72,78600
66,136000
21,10000
19,3700
28,60000
56,1000
72,14400
71,26000
62,150000
84,73300
58,75000
38,15000
78,54000
74,14000
38,70000
66,10000
39,48000
68,10000
50,23940
66,5000
32,10000
34,80000
66,34100
52,117500
60,22100
34,50
45,80000
25,39300
73,29200
35,60000
39,73000
59,8000
75,2400
16,11300
32,72000
54,102000
39,120000
74,16800
74,12600
19,6400
54,100000
24,43000
26,85000
81,25100
72,17000
56,36000
27,100000
83,10800
72,56900
51,68000
83,12000
31,10000
50,103070
31,45000
88,29100
36,70000
61,56000
56,110000
24,39500
72,44400
19,400
53,65200
55,73000
53,100000
76,14100
63,35250
21,18700
69,149000
66,252500
32,19600
60,32000
37,75000
68,48700
36,44000
51,40000
67,12900
53,72000
18,12000
25,100000
57,30000
64,54000
49,35000
32,10980
72,18200
69,31700
25,12800
63,80000
48,65800
23,58000
20,20000
74,18000
74,19500
71,65000
73,23000
45,15000
47,44800
62,90
38,15000
29,50000
50,42000
55,10000
39,90000
51,26700
81,176900
38,98000
61,30100
57,22400
66,17600
63,89000
39,90000
74,74000
74,154000
72,31400
31,25000
80,55200
76,24050
65,50000
58,350000
56,40000
73,40000
31,20000
28,1300
34,360
44,42000
58,25000
26,35000
67,43300
54,30000
62,41800
80,84700
63,11200
84,131800
77,52000
62,25000
60,85010
65,13000
68,12700
48,25000
27,23400
63,16700
22,62000
54,30000
25,40000
43,39000
33,178300
39,2500
45,42000
42,17000
21,5000
17,3800
94,27500
39,17400
26,37000
41,327900
54,25000
26,39400
48,80000
50,107000
75,13600
38,84000
22,50000
73,55600
53,100000
42,90000
76,52000
75,11400
46,13500
35,55000
21,1500
31,69000
42,15000
24,50000
57,23320
59,54000
56,50000
71,103000
64,62040
32,45000
34,40000
32,214000
51,36000
23,40000
18,30000
56,65000
29,2800
65,17400
42,18000
22,13400
24,41000
39,13500
36,107000
65,27600
28,39000
33,42000
54,151000
18,1000
39,11400
32,25000
54,33100
59,85000
77,129100
18,840
49,45000
74,260200
59,89000
47,73000
27,23400
30,24500
66,84000
17,7000
65,15000
75,16560
58,45000
38,100000
54,77000
35,25000
62,75000
67,78760
42,60000
20,16000
76,29200
24,48000
75,64300
43,1600
35,31600
33,100000
90,36360
48,65100
76,52800
61,71000
80,12000
64,120100
88,15600
59,6000
52,43000
74,1900
67,13100
50,205000
54,24000
84,13800
20,18000
42,10400
25,94000
47,32000
16,2000
41,150000
31,105000
33,59500
42,1000
38,32400
73,12500
32,25900
28,26900
62,74000
71,14400
39,6800
86,38400
51,40000
32,11300
61,15300
71,58000
68,67000
67,27600
17,580
64,79000
49,16000
43,45000
43,28500
28,42000
72,88700
52,17300
69,9400
73,6200
70,232100
36,46500
65,56800
73,40000
38,46800
31,169400
46,96100
70,71600
64,114200
88,21300
71,64000
60,53000
51,151000
81,37000
74,78260
37,80000
56,32000
68,15500
64,74200
20,4000
35,18000
39,291000
19,9000
79,95000
40,75000
46,201000
40,58000
74,134500
18,8000
77,59560
49,50000
82,28000
39,20000
74,10400
71,11100
36,6500
48,29000
18,780
85,11600
64,35000
50,6000
61,58000
24,50000
35,40000
83,8000
53,17100
47,3000
87,61600
43,146000
19,1400
83,16800
25,12000
59,9500
29,500
81,8300
21,3800
26,56000
64,46000
62,50000
66,15000
44,40000
61,25000
46,40150
57,30000
25,38500
18,7000
40,42000
73,26700
28,2500
69,15700
21,15000
19,2000
74,28400
38,180000
57,7700
27,9000
60,300
40,215000
31,25200
74,14500
33,40000
26,52000
74,27800
72,12000
52,95000
54,72000
18,8000
82,12200
44,64000
56,110000
50,71000
58,35000
29,67000
30,72000
75,20000
87,2100
70,17600
68,33700
61,5090
19,12000
29,73000
62,150030
61,15000
36,130000
38,15600
20,30000
32,56000
64,43000
44,100000
58,92000
21,32000
19,25000
81,91500
23,1400
25,26000
24,35900
66,80000
69,20700
68,18000
47,103000
22,80000
40,28000
81,15300
67,69000
57,59000
42,160000
61,24000
52,100000
70,18630
46,101000
47,120000
77,11700
28,27300
48,25000
75,33200
59,50000
85,4100
25,2000
32,90000
38,91400
42,195000
58,78000
34,120000
18,14000
85,1800
76,29300
25,27600
69,62000
55,12000
65,15100
27,6100
26,62800
41,100000
28,50000
49,138000
28,68000
72,27600
53,170000
66,15000
35,50000
58,10600
81,24000
70,9600
54,10000
35,112000
85,47900
47,38000
40,68000
74,92700
30,42000
47,54000
82,44700
28,81000
32,38000
53,69000
66,41730
29,20000
68,85000
45,125000
48,1000
31,12000
32,222000
65,5000
79,20600
66,41000
83,48020
71,19100
58,177000
59,220000
34,80000
19,40000
62,41000
18,3000
68,84000
78,50100
50,58000
22,41000
33,43900
38,280000
64,151800
63,177700
38,40000
67,27600
61,51000
28,80000
85,44600
70,17800
38,41000
38,180000
50,80000
62,16000
19,2000
20,2500
52,87300
40,67000
71,3600
62,52000
45,115000
60,80200
52,30020
27,18000
47,106000
51,15000
80,129000
65,18000
29,1700
20,15000
31,159100
24,50000
30,58000
67,13200
68,62500
85,76330
45,13800
40,110000
49,40000
55,170000
32,151200
60,170000
41,90000
34,52000
19,8000
68,50450
52,145000
54,80000
62,30300
16,1000
33,90000
30,900
44,50000
44,159500
57,114000
53,20000
52,40000
53,22700
50,121100
68,13000
19,3000
62,40000
79,111400
56,103000
41,57200
61,98000
55,75000
29,60000
35,30290
27,6000
53,59000
72,15500
34,80000
54,80000
78,36900
62,60000
64,68000
54,6300
83,14500
38,51000
57,55000
80,66000
25,18000
76,46800
28,28000
41,130000
22,51000
37,49000
65,45700
39,51000
25,72000
40,164000
27,35000
32,40000
70,18760
63,73000
39,62500
74,67500
34,67000
62,35000
31,30000
34,110000
61,68080
33,115000
89,51800
18,10000
84,12800
49,12000
71,28700
40,90000
79,67700
74,2100
69,63000
68,80060
47,44000
37,46000
44,150000
59,81200
37,20000
53,69000
49,1000
64,81000
55,33300
69,18900
26,67000
71,49000
66,60000
50,98000
56,25900
95,10000
60,3200
41,86000
72,38700
49,300000
76,9600
66,12000
31,31000
54,44000
23,2400
22,1500
67,4800
39,75000
25,55000
83,30500
57,165000
73,37200
74,52000
28,40000
76,18200
48,200000
70,2500
22,34000
68,9800
52,65000
63,2900
26,30000
41,95000
33,101000
50,42000
76,15100
55,20000
88,26600
67,205000
57,35000
64,50000
40,72000
66,51600
16,840
66,20700
83,35400
61,600
65,16600
69,35000
83,27100
27,60000
68,46000
74,77050
28,200700
25,45000
79,22000
69,60000
22,550
67,17600
74,12000
54,276000
47,30000
58,15400
71,59000
58,12000
68,222000
74,85000
38,88000
51,77500
69,104500
34,86000
27,100000
43,74000
72,39200
21,30000
20,5000
55,23000
94,40200
54,72000
32,105210
60,54000
33,60000
22,100
70,48900
53,65000
25,150000
62,39800
84,40600
16,300
59,12700
21,16000
75,51100
61,55000
70,48300
39,250000
58,120100
30,40000
55,50000
44,50000
52,175000
66,24000
26,600
87,47800
62,12000
43,13000
41,150000
54,44800
20,8000
26,40000
59,100000
58,1900
75,46800
70,28200
52,55000
46,4500
64,5300
55,37000
32,60000
57,174000
50,199000
57,10000
54,13200
24,47800
45,37600
16,150
53,38000
33,85000
27,80000
62,55000
43,50000
72,47800
67,46200
40,62000
41,50000
19,29000
44,140000
75,122700
27,24000
60,108500
21,36000
37,80000
26,3700
64,13000
55,245400
21,8000
63,37200
81,15500
22,20700
61,30500
77,117400
32,67000
34,53000
47,57000
20,6300
48,1500
69,2400
75,4600
57,54000
54,25700
66,49600
51,58000
71,12200
46,125000
80,6500
48,98300
35,45000
38,87000
67,36000
80,42000
42,44000
38,60000
21,17000
26,48500
71,4500
78,37200
38,17300
37,16800
29,48000
64,28000
73,11400
20,4400
32,146000
53,83000
18,9000
37,48000
58,83500
49,100000
39,24000
34,65000
44,126000
21,15000
87,52800
22,25000
60,200000
79,43000
27,14000
74,12500
22,6900
39,32000
35,77000
59,3400
48,13000
65,11000
18,2500
40,50000
70,2500
18,12000
57,92000
82,4200
38,164000
38,70000
46,85000
59,43000
52,28000
75,36900
71,19800
19,20000
25,20000
76,45300
52,135000
21,15400
32,32000
79,53600
75,92500
69,70500
69,9400
72,26000
62,359000
44,37000
76,73200
57,120000
53,65000
64,53000
39,125000
26,112000
27,40200
68,25000
48,20000
22,10000
30,24000
30,70800
30,58000
55,38400
18,21000
68,27800
49,60000
77,11900
80,18400
24,12000
58,110000
63,62100
75,33000
51,100000
70,69400
63,82000
51,25000
85,16600
28,40000
75,12000
32,50000
77,132000
48,36800
33,62000
54,72000
40,30430
15,670
39,12400
91,5400
44,27000
48,65000
42,165000
28,90000
53,90000
69,151000
90,27800
47,100000
31,11160
77,52700
40,25000
37,42000
23,68000
68,10500
20,18000
53,262000
22,24000
65,9600
50,84000
19,25000
32,5200
82,46400
71,63000
57,6500
23,50000
69,56300
19,5000
85,26400
76,50000
42,55000
29,165000
64,65000
35,9100
31,30000
41,46000
50,60000
61,93000
25,75000
20,30000
80,77800
27,4900
30,30000
81,49000
80,20000
72,315000
48,99000
67,39300
39,75000
39,52000
60,12000
24,11280
53,50000
79,19100
59,46930
73,42000
75,98300
94,11000
52,140400
60,25000
57,68000
49,18700
85,53500
68,32550
19,7000
83,1600
50,73800
70,60000
74,40700
66,37030
43,11400
71,160000
61,65600
82,16200
74,8400
38,170000
24,38000
18,700
34,30000
46,20000
51,60000
30,57000
65,13000
82,13000
17,1500
42,130000
23,18000
34,40000
70,4800
85,27600
52,50000
63,14300
33,6000
72,14000
66,100000
34,42000
74,47200
19,10000
18,11000
59,76650
43,10040
65,59000
28,60000
64,25000
74,124300
41,23000
51,50000
33,76000
74,18000
70,201700
28,50000
46,33800
59,4000
84,12000
35,135000
51,68000
87,23700
83,48300
74,96000
92,10000
26,100000
33,35000
41,70000
51,34000
24,20000
39,50000
31,63000
52,25000
58,56500
81,1900
50,45000
40,54000
48,192000
62,69000
25,60000
16,650
75,14000
65,40000
62,5000
24,24200
30,9600
40,109000
71,96800
46,35000
17,3000
58,40000
31,1200
41,60000
26,120000
71,8400
36,27000
75,14400
50,100000
35,1000
42,63500
68,53200
42,36000
54,58000
22,35000
58,7320
64,12000
54,43300
17,40
26,30000
57,14000
29,3000
16,2000
41,225000
48,96000
54,145000
33,47000
30,48000
26,30900
43,12000
67,124600
49,100000
52,70000
18,5000
65,220020
55,19200
50,46000
69,72100
37,95000
32,60000
55,85000
75,7050
76,37000
53,20000
65,46000
26,20700
59,62000
16,21700
82,8500
87,39850
94,45100
49,62000
20,34100
60,14400
50,46400
37,17400
65,20000
33,35000
79,7800
57,15000
42,9000
35,200000
59,127900
48,33000
36,12000
71,28800
36,7000
78,179900
48,100000
61,13900
85,33900
52,45000
72,18650
38,41000
45,251000
55,150000
27,35000
46,200
84,59400
57,72000
63,11700
51,100000
64,30000
30,30000
74,37400
19,2000
60,113000
68,24000
68,23000
52,65000
77,41100
63,129000
33,45800
63,22000
61,120000
65,62000
52,25000
26,75000
60,62000
55,18300
36,11000
61,45000
71,102900
71,15500
87,22400
47,61000
50,18000
66,2400
53,42000
82,32500
90,7600
74,11100
36,71000
60,20000
66,27800
20,47000
18,1000
88,37800
71,10600
40,130000
61,90000
65,18800
75,8000
82,18000
77,69600
27,40000
44,70000
54,33000
67,86200
66,90200
50,32000
64,75000
50,137400
96,24900
41,45000
54,10000
52,27400
82,4400
29,40000
68,28000
48,50000
82,6600
74,95000
48,140000
34,122000
19,40000
54,25000
66,5900
41,200
42,54800
41,70000
88,170000
72,26600
84,33000
92,12600
83,28000
71,50400
70,108230
62,2000
84,60000
55,158700
63,2000
88,24000
41,160000
82,2900
17,4600
47,3800
33,51000
71,25000
58,69070
31,78100
24,40000
41,5970
71,52300
30,170000
58,34600
53,200000
54,150000
66,21700
94,37800
37,20000
66,67000
70,16400
86,18200
62,92000
85,58100
82,34700
17,8800
62,18300
45,29000
51,70000
54,24000
67,88800
19,1200
54,94000
57,55000
69,64300
54,5000
64,65000
40,34300
41,150000
29,110000
61,13000
33,50000
70,125100
44,15000
63,30000
59,14400
68,198000
54,37000
20,20000
24,520
55,65100
66,10500
47,96000
24,5000
25,12000
23,6000
52,200
38,65800
63,185000
46,120000
62,19000
29,6500
65,5300
43,99040
44,110000
51,48000
23,26000
52,16100
19,2500
42,17000
42,10000
20,7800
31,24000
35,32000
40,55000
62,54000
78,53200
67,24000
28,30000
25,60000
76,93000
24,17860
88,16200
36,9100
56,140000
53,94000
93,203000
46,40000
75,36400
58,30000
63,73000
57,20900
54,60000
61,153000
46,52000
47,150000
79,66000
83,15900
69,22300
56,108000
66,139000
41,26000
50,75000
52,156100
62,50000
46,45000
30,74500
53,100000
25,75000
61,48000
25,79100
51,290000
58,80000
60,48000
58,100000
32,196500
60,38000
57,60000
77,47000
65,40500
28,20000
48,27000
44,1000
67,53500
26,14400
49,175000
62,9300
53,38000
38,128000
23,50000
42,25000
30,157000
24,18700
75,101600
59,26200
33,10800
80,65400
77,8000
57,39300
67,26700
19,2600
57,32100
57,500
94,3800
67,76100
33,24000
76,46900
34,47700
21,33000
31,15000
50,55350
61,70000
31,50000
77,54400
72,16800
19,10000
34,100000
66,16200
52,15000
60,45000
20,27000
52,239600
32,65000
41,6000
70,83000
21,16060
30,10000
81,13400
62,262000
64,170000
51,30000
69,6600
30,10000
56,90000
63,60000
76,15400
50,50000
33,100000
19,2000
73,2200
34,900
33,50000
70,47400
51,89000
34,70000
32,38000
39,100000
47,15100
73,88400
62,16500
27,500
71,63200
49,154000
24,34000
45,21500
76,8800
17,3000
43,34800
66,12600
23,40300
58,76400
72,11200
45,152000
43,21600
56,18500
58,24550
68,15000
83,10100
74,5900
64,75000
77,120700
49,55000
44,120000
21,4500
72,60500
29,3000
45,110000
59,65000
53,309000
51,50000
68,42150
43,38000
31,40000
34,54000
35,19200
52,250000
24,60000
17,3000
18,650
84,14700
76,70000
71,42000
64,10
35,70000
52,16050
62,3560
83,7200
33,155000
83,47400
38,60000
41,200000
44,80000
43,40000
69,11000
28,72100
40,100000
70,64900
22,8800
29,100000
86,47600
55,50000
54,55000
75,6600
58,25000
45,65000
65,70000
62,20400
49,70000
39,30000
72,25600
42,60000
67,171000
62,13500
40,6410
64,16800
61,65000
67,95000
26,50200
94,1800
69,48200
84,2200
19,15400
32,75000
40,65000
37,10000
50,265000
29,17300
55,130000
36,100000
62,2000
56,14000
19,10100
48,90000
42,50000
54,11900
39,35000
42,142000
72,38600
66,23500
78,25000
68,30700
40,15000
64,128000
78,34070
22,12000
31,25100
71,12000
66,30000
37,175000
51,85000
25,40000
62,50000
38,20000
77,31210
76,33500
68,25860
59,40000
43,180000
77,87270
25,25000
39,10
56,100
16,5000
59,150000
27,17000
25,30000
52,31000
58,43000
37,40000
63,170240
53,50000
63,13600
27,45000
63,40400
57,5000
48,60000
53,76200
53,223000
41,2000
20,2400
35,20000
63,46600
36,31100
23,5300
50,50000
27,18000
65,88000
42,50000
20,25800
72,14500
56,80000
46,50000
92,59500
48,74000
22,28000
63,61800
88,24600
51,330800
67,68600
34,309000
41,120000
40,73000
61,110000
61,39530
74,67300
65,27000
26,37000
73,9900
63,5030
52,710
20,7400
28,62000
29,95000
21,20000
87,59900
65,205000
20,36000
35,40000
45,85000
61,125000
43,103000
94,7000
19,22000
49,14700
19,2300
39,39500
21,10000
26,40000
31,100000
58,170160
65,115000
43,150000
30,35500
38,700
41,150000
60,40500
69,8600
51,9500
44,29500
24,25000
32,82000
42,160000
61,2100
56,12230
64,76000
68,120000
49,85000
58,225000
74,7500
82,36000
44,40500
61,31000
60,80000
21,18100
40,24000
61,80000
29,140000
75,68800
66,15000
34,7500
62,23400
51,30000
46,60000
27,12100
75,14400
55,16000
32,17800
25,56000
38,50000
34,20000
94,1700
78,49000
24,2800
59,38000
70,6600
51,85000
48,188000
61,40000
26,10400
55,75500
43,35000
59,32400
40,26400
29,35000
36,110780
70,254450
59,161500
24,100000
19,12000
26,79000
46,39000
28,55000
62,20700
46,1000
25,35000
55,65000
64,25020
71,47000
53,11300
70,72000
35,40000
29,31000
43,160000
21,40000
63,89800
31,3000
61,24000
47,32000
60,15000
22,4800
38,133000
57,90000
55,162000
38,95000
75,90000
54,40000
32,46000
36,13000
24,50000
52,200
28,10000
53,173300
51,65000
56,24000
80,47600
39,32000
37,104700
39,52000
31,40000
54,35300
63,22000
88,22900
24,10000
34,90000
37,7500
48,75000
69,25000
21,24750
68,19100
33,80000
65,100000
71,20400
88,52600
60,60000
70,9700
18,12500
52,600
62,31000
34,60000
64,10000
19,3100
52,120000
46,140000
68,17000
44,55000
73,22650
63,32000
47,180000
68,33000
67,13000
89,18500
82,11800
57,65000
65,127500
26,42500
68,82200
58,25000
22,35000
74,38400
30,43000
30,32000
64,8100
59,59900
23,30000
83,45400
33,36000
52,13200
29,30000
68,10900
41,35700
27,28500
48,11800
46,163100
44,62000
25,32000
23,9600
56,100000
65,200000
54,16700
83,88000
37,8400
29,42000
41,180000
22,30000
67,9000
18,48000
34,89000
43,80000
32,9000
44,141000
78,80500
81,12000
46,31000
37,32000
83,30000
38,144000
18,2000
57,50000
44,25000
78,24900
47,6000
54,69000
24,9000
52,19000
50,45000
58,64000
75,192400
57,30000
24,68000
41,76000
38,54000
72,38500
53,38000
77,11400
46,186800
71,5000
60,60000
45,170300
71,25300
60,120000
51,21000
34,45000
17,16000
58,90000
37,130000
46,90000
60,83900
37,38000
34,50000
47,30000
36,106000
56,60450
45,192000
84,41400
70,16700
54,92000
46,160000
60,55000
49,55000
37,76500
78,27800
52,25500
64,70600
50,23000
20,1300
55,167000
75,28600
55,42000
33,100000
70,13000
45,28000
54,53400
77,2500
74,18300
53,10000
85,50800
70,127500
72,15300
21,37000
22,1000
69,14400
20,6500
29,34600
63,144000
49,74000
23,25000
64,120000
82,46200
61,86000
73,223000
27,49000
76,79600
51,144000
73,75800
70,28800
22,23000
25,40000
38,150000
63,40000
75,28300
31,197000
67,53000
72,27700
20,42000
52,222000
24,15900
49,72000
59,28300
23,48000
40,20000
16,5000
31,100000
24,69000
70,77000
64,199300
48,35000
84,18000
34,70000
23,40000
51,112700
69,29400
58,35000
56,68000
49,20000
15,300
45,20
48,38000
60,27000
61,100500
28,40000
38,92000
52,28000
37,13500
26,21500
52,67000
41,42000
35,48000
49,215900
90,263900
27,60250
61,100000
16,1400
66,8400
60,12000
16,15500
16,3500
61,135000
51,48000
64,20000
71,61500
66,129400
26,55000
57,36000
51,70000
50,70000
69,56420
47,120000
63,38870
19,3000
50,6500
50,30200
52,55000
32,25000
85,3400
55,250080
76,5000
82,40800
61,21230
55,60000
23,40000
69,12200
54,16800
26,26000
59,43500
46,48000
20,7500
83,10400
38,25000
41,75000
29,70000
56,62600
50,45000
70,940
51,80100
21,12000
63,24000
51,58800
76,22900
67,105000
35,45000
37,100000
29,90000
66,14000
66,49700
52,21100
37,89000
50,27300
66,130000
46,271200
70,14100
73,19900
84,13700
73,94600
75,115800
62,17800
65,12600
34,42000
51,35000
70,13000
68,25700
18,1600
75,58800
61,54000
45,12000
82,119200
53,5000
70,13800
43,110000
69,1900
54,115000
30,5000
26,14000
29,70000
69,13000
75,18600
53,17500
55,64000
84,13800
79,13600
79,28000
34,140000
31,38000
38,30000
22,40000
81,19200
39,13000
76,20720
45,40000
42,80500
85,30500
84,26700
62,14400
35,8400
35,137000
72,15100
47,7000
36,50000
47,76000
17,6700
51,297300
32,6000
28,28000
37,65000
32,35000
19,1400
39,148000
55,35000
48,79000
72,58000
57,144200
54,85000
52,15000
48,50000
19,7000
62,25200
53,53000
28,4500
63,41700
36,22500
59,50000
32,60000
42,41600
74,19000
18,840
61,60000
63,26500
48,25000
41,40000
30,58480
53,150000
61,59900
27,143000
67,51130
19,12000
22,14100
32,100000
45,53000
87,54900
63,47000
58,10200
23,2000
19,1500
72,79460
67,15200
32,37500
51,7500
37,11000
60,70000
79,16000
54,60000
65,48000
63,5000
42,106040
32,72000
51,3000
62,35000
18,9000
23,95000
59,37300
30,64000
31,50000
65,22100
79,14200
57,150000
66,150800
40,16320
53,13000
65,25700
58,80000
53,47000
61,10700
65,70000
32,45000
19,15000
55,22000
61,14400
76,1100
52,150000
29,20000
88,33900
18,980
22,7000
63,12900
67,77800
37,45000
35,147000
41,25000
53,13600
22,6760
43,69000
29,40000
72,41110
73,73460
37,4500
69,18630
20,2300
64,48000
74,30900
75,72000
46,25000
64,33400
33,19200
63,22800
60,100000
66,75900
65,30000
78,96200
40,40000
25,43000
54,5000
56,13900
66,34100
70,23200
68,37000
33,75060
82,13800
34,33000
19,4000
64,50000
26,40000
35,150000
72,42000
42,50000
72,7800
33,92000
62,128000
75,60000
20,7500
17,5000
37,29000
22,44500
49,100000
85,7900
59,33000
34,90000
17,2400
81,13500
58,85000
87,11200
68,24000
53,39900
65,25000
65,14900
52,13200
78,56500
68,114400
41,99000
54,197900
53,118000
80,46730
30,58000
21,790
34,100000
72,8800
69,14370
21,1000
57,4000
63,74900
57,120000
81,26000
35,115000
62,24000
60,60000
24,3000
27,35000
19,30000
71,41800
42,60000
57,21000
77,44600
40,84000
33,84000
52,67000
72,29000
70,50600
35,74000
38,200000
21,1500
25,50000
66,24600
24,7500
42,50000
60,1400
55,102000
60,125000
28,72100
31,110000
29,51000
55,12600
36,205000
45,65000
40,52000
18,2000
64,60000
71,18400
51,80500
82,75000
60,87400
58,3400
66,11000
68,26900
25,35000
34,9960
67,1700
39,400
42,4000
68,28000
73,24000
89,7200
67,72000
68,66000
33,135000
17,12000
58,163150
54,7000
16,4500
62,8400
29,40000
65,16500
60,33300
65,12020
71,56000
67,8100
36,20000
68,51300
68,15100
50,18000
29,55000
53,120060
33,55000
75,117800
60,30000
69,14000
33,50000
55,7000
36,95000
72,59930
26,55000
31,30000
61,120000
82,6000
75,20000
55,52000
75,18000
57,41300
81,39000
86,13600
28,26000
21,2030
41,103000
48,10300
71,25300
28,39000
41,120
22,5200
56,35000
62,50000
88,62900
33,60000
68,32200
81,31800
51,60000
22,4000
72,24800
21,30000
18,5000
38,94000
25,14400
31,60000
47,115000
53,290000
54,50000
51,55080
66,53700
66,75000
24,290000
47,147000
20,49100
61,99000
38,17300
22,19400
64,1400
76,171000
76,23000
49,89000
64,65000
68,23000
33,90000
20,18000
70,31000
58,50000
36,68900
79,42300
71,18000
38,11400
57,90000
72,72000
33,35000
50,280000
34,200000
69,15500
41,29000
43,100
50,20000
42,150000
80,31900
66,37600
42,92000
25,80000
36,16800
55,80000
94,23000
54,358080
59,115000
53,48000
23,19000
77,48700
76,24900
56,4000
90,1700
85,2800
22,140000
59,50000
29,32000
55,7800
71,14400
25,37200
61,63000
66,14520
30,78000
50,172000
27,50000
79,84700
19,2000
35,72000
38,88000
67,29900
32,34500
77,7200
53,25000
73,20500
34,41300
75,48500
26,160000
29,5000
80,16320
27,86000
48,58000
51,8000
66,2100
21,8200
45,28000
63,28800
71,76000
32,75000
20,6500
72,68200
33,125000
24,104000
70,13200
35,35000
39,60000
58,50000
61,112000
57,87000
67,22600
58,125600
50,70800
76,14700
24,24020
73,54800
26,17450
64,16500
68,32000
39,70000
66,33600
59,40000
20,1000
56,30000
79,24000
64,6000
36,36900
17,1700
52,60000
40,85000
55,35000
26,31000
58,79000
31,49000
47,123000
18,2000
49,78000
22,13000
84,95700
90,72000
57,63000
71,6600
54,113000
62,32200
87,64200
49,40000
53,35000
83,26600
51,6000
21,17000
53,65000
66,14400
72,6900
39,40000
80,14400
71,52300
63,28000
32,100000
48,225000
26,58000
55,100000
31,2000
77,18900
38,47000
39,55000
72,52000
44,31200
71,128400
20,36000
65,52000
56,9600
17,5500
41,24000
66,152000
74,84210
52,112000
27,65000
39,79000
55,58000
68,36100
72,17300
78,3000
24,34000
76,19100
56,50000
46,105000
71,19000
80,103000
57,69000
77,35200
51,36000
86,18000
37,106000
78,16600
76,52100
65,27400
51,110080
49,69000
48,48000
27,36010
61,110000
59,80000
54,55000
18,7100
84,14220
60,35000
66,16400
19,15600
63,18600
65,12980
68,28000
18,4500
57,135000
40,40000
61,30000
49,210200
24,30100
75,13500
35,22000
54,28000
37,83000
70,60400
62,44000
72,12000
36,31700
38,18000
54,59500
29,13600
56,54000
63,5180
71,8800
41,5000
64,50000
62,74000
32,45000
80,52000
61,52000
67,117000
73,33100
63,105600
52,10000
71,10600
25,24000
38,69000
30,40000
23,8010
18,7000
62,45000
24,84000
47,30800
64,28400
79,14400
79,16000
75,9410
39,90000
63,13900
41,40000
75,7200
41,25000
21,7230
77,16000
44,62000
42,44800
28,8000
70,22300
64,1400
27,6000
43,70600
69,32400
63,125000
27,55000
27,40000
79,31700
26,55000
33,165000
64,21540
69,10800
62,20000
72,27000
18,3000
77,1700
58,36000
47,42000
38,21000
59,159000
62,39000
59,202100
29,40000
55,88200
18,3000
47,120000
30,50000
69,108000
44,122000
34,70000
62,37000
51,550
93,56400
62,55300
61,72000
79,8600
59,65420
72,40050
59,90000
75,30000
56,135000
77,33700
67,80000
57,104000
64,62400
94,29100
42,20000
42,75000
78,34700
63,11600
72,13000
21,20000
48,73000
33,40000
32,88800
67,77400
18,100
18,12000
43,105000
22,20000
82,9200
83,5200
22,8000
47,50000
57,33600
51,135000
30,15000
31,38000
67,26400
30,75000
56,50000
51,19000
79,21000
30,45000
22,10000
79,12000
41,180000
42,12000
54,80000
62,33500
33,80200
86,7400
25,62000
43,120000
79,15600
20,40000
29,20000
59,80000
76,28000
63,75000
38,40000
40,55000
35,24000
76,49000
59,55600
60,16500
62,4300
37,107000
35,32000
63,253000
28,60000
75,27500
69,30000
51,45000
23,7000
58,20000
61,46000
47,52000
47,240000
29,70000
49,29800
21,32500
41,25200
73,14000
55,122000
53,31000
34,8300
67,16700
42,16300
51,29100
47,55000
18,1500
60,81000
52,54000
72,5900
44,55000
76,1500
42,70000
89,66000
50,88000
40,100010
23,30000
70,24200
73,31600
59,111000
53,50000
61,31000
33,42000
32,35000
22,42500
30,3000
37,300000
23,50000
49,60000
72,48500
62,11000
24,3000
65,15500
91,5500
53,75000
87,38400
59,50000
45,58000
83,25000
77,31200
48,264120
31,25000
19,12500
59,24000
17,2000
61,130000
74,50000
63,1500
71,57000
28,100000
37,150000
83,43500
44,90600
41,154000
42,210000
76,51500
83,23700
67,21800
64,12000
29,45000
68,35000
75,49200
56,45900
30,38000
68,65200
67,56500
32,56000
54,30000
29,103750
78,1200
66,32000
63,750
53,29000
75,17500
72,164000
19,42000
42,16000
85,24000
79,35000
68,12000
79,25000
63,117520
43,75000
41,38000
37,25000
45,60000
56,89000
19,1000
59,345000
51,2900
74,13100
18,2000
65,19600
71,40000
59,109800
56,175000
34,73000
62,37000
77,20400
36,196000
75,52800
46,50300
36,86000
80,62900
65,68630
59,5400
52,123000
63,7500
69,355200
36,65000
48,40000
64,52000
63,91700
64,39300
59,11640
32,80000
37,40000
19,4000
57,14000
70,42000
58,23000
30,610
22,84000
34,50000
52,97500
54,110000
37,148000
62,16000
37,160000
55,175000
58,34000
82,32400
75,46300
31,50000
76,8000
54,190000
32,200000
62,10000
49,70900
15,2000
52,45000
42,100000
56,80000
75,56200
53,265400
69,20000
61,346000
65,48000
60,130000
70,13900
89,18000
62,52000
42,65000
54,87000
27,5000
55,45000
84,8500
46,129200
70,12900
45,20000
24,11200
69,59000
40,71000
56,25000
57,40000
71,48000
29,50000
63,2800
66,32000
59,15600
68,36150
73,74400
59,58000
54,26100
63,8000
62,121300
74,26300
51,86000
62,55000
52,52000
85,11800
43,44500
77,45000
29,52000
34,58000
19,3000
64,38400
44,364000
73,161000
64,5700
39,45000
58,3000
21,2800
68,7000
56,95000
23,76000
50,24500
51,15000
74,112020
49,120000
34,8000
79,18700
35,100000
61,10100
46,140000
48,85000
82,13200
61,118000
19,750
57,35000
86,34350
31,43000
25,44900
29,46300
45,80000
73,105450
16,3200
44,38000
54,70000
48,89010
76,45990
21,8200
75,94400
46,6000
69,66000
66,58100
67,24600
68,62000
66,47200
76,740
60,97000
28,60000
68,57000
52,25400
72,12000
24,20000
62,133000
35,127000
23,43000
92,19000
70,14400
23,19500
32,23700
73,84530
46,65000
63,53000
78,29700
60,5000
73,20000
80,6300
67,117500
18,14000
70,54800
33,10000
28,40000
22,20800
79,12000
79,15500
74,48000
65,98000
81,4800
51,100000
66,11000
59,11500
45,75000
76,27000
21,3000
71,38000
22,13000
76,28800
56,7600
48,230000
41,43000
54,100000
52,62000
73,30800
59,33000
26,36600
69,2000
63,7600
82,6000
45,125000
22,5000
43,20000
58,120000
51,57000
66,7000
67,34600
88,25200
80,43800
55,125500
27,40000
80,150900
27,40000
84,24000
57,16400
64,78000
36,83000
65,76000
29,10000
73,12500
60,5100
82,16500
82,28100
38,10000
56,45000
45,135000
50,18000
48,150000
62,54000
40,7500
62,12000
53,35850
50,9600
70,22200
28,11400
76,7200
61,301000
60,12800
93,15000
39,252000
64,36500
64,138000
75,37900
70,20600
34,80000
75,79100
28,34300
16,2500
47,41000
20,17300
23,5000
57,32000
29,6500
18,60
33,60000
41,49600
29,48000
41,35000
68,24600
23,12300
50,78000
65,14000
58,85000
73,17700
64,35900
91,9600
72,32000
65,125000
74,19200
82,42700
28,60000
66,60000
70,30700
40,85000
51,30000
74,66400
33,90000
85,56000
65,72000
37,90000
19,2500
45,4000
53,200000
53,60000
82,16500
90,34800
71,44700
69,133200
33,67000
78,26600
72,35000
32,87000
44,40000
27,21400
45,150000
21,2000
55,15000
39,78000
57,24000
72,107600
63,137200
39,52000
21,25000
74,47500
19,190
30,80000
84,1400
17,10700
54,60000
24,83000
73,108000
21,24000
49,90000
69,14900
30,30000
73,204000
32,13700
78,22900
67,10900
38,85000
52,53000
33,39500
75,63400
55,30000
70,18200
33,20000
64,30000
35,142100
17,1300
57,29000
55,14000
23,11000
60,112000
55,12500
33,19600
59,100100
69,40000
52,50000
60,51000
54,120000
17,1300
68,13200
16,4200
20,20000
33,208000
32,77000
20,3000
71,149100
39,25800
94,2500
22,39500
80,50900
44,31000
21,280
84,15600
61,117600
51,61000
72,32300
23,50000
58,5000
27,33000
49,100000
30,35000
44,100000
26,55000
74,46000
86,18000
65,69000
51,37000
81,20800
27,109000
60,34000
25,75000
66,12000
62,100000
38,28000
67,13200
76,21000
52,60000
64,94000
94,50340
25,186800
43,65000
37,40000
50,3000
44,40000
66,22000
61,90010
30,60000
38,86000
76,1700
40,70000
67,20000
31,50000
39,4000
69,8100
66,23900
42,137000
40,30000
63,144000
46,20000
22,5000
57,20
49,70000
68,46900
19,3900
68,62000
66,54500
42,75000
32,24000
31,130000
25,6000
42,60000
23,47000
87,19000
63,3800
27,20000
76,2070
75,21100
38,61000
64,145000
53,55000
69,27000
51,60000
38,85000
69,16000
41,40000
76,13000
16,800
23,18770
60,3140
92,21600
52,115000
59,115000
94,24700
59,45000
22,8900
73,116600
34,10000
65,36000
47,200000
52,40000
67,18600
65,59000
18,9000
41,25000
69,24800
25,30000
23,2000
34,15100
26,34000
63,105400
57,118000
66,73000
19,3000
32,75000
50,27200
51,12000
25,100000
94,39500
63,55000
64,70000
78,48900
30,20230
28,23000
18,10000
19,50000
32,15000
21,30000
65,127000
67,45000
76,22700
39,5000
70,77000
35,70000
60,10400
95,18400
51,65000
64,20000
56,30000
73,5000
55,125000
67,50800
22,37000
57,12000
22,1000
57,28000
60,22530
34,56200
80,8600
25,43100
83,30420
26,15000
77,38400
51,30000
48,34800
48,125000
76,28200
17,4000
60,22400
52,32000
23,35000
45,10000
87,24000
20,45500
78,87800
42,38400
35,75000
76,11000
74,10200
50,1200
53,80000
51,12700
71,14300
64,15500
56,115500
26,38000
55,140000
38,900
31,70000
76,32250
44,115000
69,25800
32,60000
66,10000
70,43900
38,135000
52,60000
29,45000
27,95000
33,45000
54,7800
58,36000
78,8300
75,14130
28,90000
54,55000
87,5800
84,19500
70,19000
76,13500
30,105000
56,18000
60,81000
18,4500
45,68000
54,117000
34,9100
89,88500
34,50000
48,40000
20,11000
76,12000
86,36100
23,65000
72,2000
76,19500
72,91500
39,20000
31,52000
56,81000
67,33300
44,10840
68,66000
78,16900
72,30200
15,500
55,51200
42,89000
38,70000
71,22600
75,8000
75,45700
49,46500
58,1200
52,96000
54,23000
34,42000
51,60000
27,65000
22,12000
80,43200
66,19900
77,24000
72,42300
50,46000
61,87000
28,70000
38,75000
17,2000
60,11700
68,75000
72,18000
75,70200
41,50000
27,65000
46,32600
25,121280
63,36000
28,70000
39,40000
39,50000
41,165000
36,83000
49,38000
79,11200
64,10000
40,49280
54,50000
80,58500
40,65000
30,12000
62,60000
33,12000
42,62000
59,133000
15,300
47,20930
68,16000
37,142200
86,44200
38,25000
71,20000
66,33200
30,39000
86,42900
41,105000
62,190000
33,102000
66,10000
69,52000
34,30000
74,65000
23,7300
30,45000
15,5800
42,40000
51,34000
26,2400
58,24000
54,111000
80,42600
71,78730
80,2100
60,20400
40,130000
17,1200
28,1400
19,5000
56,110000
23,2400
69,9200
33,60000
82,51000
74,51400
74,71000
84,13700
57,66100
32,35000
46,39000
16,1000
28,60000
23,1300
53,1200
82,55400
19,5000
53,33500
61,170250
89,37800
76,21000
59,12400
63,20500
53,22000
88,87200
72,64300
83,53000
42,10800
67,10000
49,100000
53,70000
30,2900
53,100000
71,15000
34,47500
27,93000
69,62810
61,27600
78,46800
39,3500
18,1000
51,85000
38,46200
35,54000
75,107400
59,92000
78,60000
40,20000
67,61000
17,20000
42,140000
76,26700
64,2600
69,17000
16,400
81,23800
65,21000
83,8400
67,94800
74,33700
33,40000
78,18200
51,21000
28,74000
45,54900
53,27000
15,2500
17,1000
49,31200
86,13600
27,65000
33,86000
40,110000
44,24270
34,11000
62,70000
71,2000
28,30000
90,52700
77,30600
34,250
54,30000
66,65010
55,25000
65,21600
49,38000
28,11400
40,55000
27,60000
66,45000
63,11000
47,12700
59,9700
42,103000
70,59600
50,15000
67,41300
40,36000
20,2900
37,85000
48,40000
35,3000
44,12900
37,158300
58,80000
65,26000
93,15600
49,128000
84,9900
84,13500
72,32000
94,49400
32,87000
68,231800
20,25000
42,9000
62,60000
28,40000
67,115800
47,105000
21,2500
84,5400
70,6000
49,80000
32,11000
61,29800
18,1200
81,15400
32,13000
83,20000
25,25000
73,15000
45,375000
28,30000
81,1500
41,40000
53,230000
87,8700
60,20000
35,50000
43,44000
73,24300
72,89400
42,2000
71,64500
23,10000
67,50080
35,110000
38,30000
47,300000
63,20000
50,132000
50,304000
56,14000
58,24000
24,17000
71,68000
23,65000
75,17000
38,2300
43,27000
32,56000
50,12000
76,64800
35,73000
38,296800
27,37000
45,25000
80,171600
54,30200
32,27000
48,34000
49,11000
58,26000
64,8200
39,75000
43,43000
61,7100
68,1000
67,42760
33,600
66,205000
70,31300
26,11500
22,80000
46,50000
44,16520
40,37700
51,8600
28,72000
72,26400
24,100000
70,21700
29,15000
47,105000
52,5000
57,80000
70,23000
30,27600
49,110000
64,3300
51,48200
26,56000
63,37100
34,40000
38,38000
62,38000
69,10800
25,60000
76,31900
61,7200
36,30000
65,153000
59,50000
63,28100
45,84000
29,30200
21,23500
47,81000
22,17400
44,90000
81,15900
72,15800
27,5000
45,106230
43,125000
54,56000
68,19300
79,36800
67,36000
78,14400
22,45000
35,39000
25,82000
64,52000
51,176000
33,30000
21,12000
51,160500
71,29000
42,206000
58,140200
93,58800
65,59600
84,60900
70,19000
75,24100
65,52000
43,55000
73,20000
51,29000
38,94000
38,49600
61,40000
33,70300
72,8800
76,17500
36,30000
47,143700
89,20400
93,11800
41,35000
42,71400
44,55000
55,5000
89,11500
73,20000
94,19900
39,50000
65,45500
70,49000
60,120000
69,15000
56,70000
64,15000
74,43500
55,13000
29,42000
67,18000
20,23200
22,2000
75,56500
22,6000
23,29300
47,20000
52,14500
82,10800
60,73000
61,40000
73,72100
82,7200
73,28300
40,155000
40,125000
70,109200
78,43800
68,94500
16,6000
64,200000
42,60000
65,64400
70,30000
52,23000
68,6600
50,140800
76,13000
76,53500
25,200
20,10000
54,38300
60,15000
63,12380
48,134000
64,23400
93,6000
35,135000
53,42000
26,35000
45,170000
30,37700
81,47300
25,71070
53,8700
63,33700
55,101000
60,93000
26,10000
50,45000
39,252000
47,7800
69,32400
19,2000
60,24000
70,71900
46,250000
46,65000
31,150000
21,25000
29,57000
70,93000
77,54000
40,84000
50,12000
68,27300
53,50000
67,29900
21,36000
40,50000
55,60000
46,110000
75,155800
30,30000
74,74100
16,400
23,20000
63,80000
86,10200
59,35300
83,37900
64,40100
85,86400
35,260000
84,20600
74,56800
49,39800
43,32000
64,128000
72,10400
19,3800
69,39500
32,32000
76,20400
70,129600
40,190000
35,20000
70,56400
94,16700
30,72000
65,56000
92,70100
48,100000
57,26400
73,48300
72,24900
79,12000
64,38000
60,41400
68,146600
51,70000
47,96000
32,30000
62,38000
64,28000
67,4500
76,24400
18,1800
31,28000
82,29800
86,12000
61,110000
74,2200
33,23600
42,81700
73,182000
47,9000
31,40000
71,21100
21,30000
95,33840
50,2000
54,225000
21,2000
45,38000
54,80000
67,12530
46,30000
35,45000
79,97100
77,69600
43,80000
39,27200
74,44500
74,22200
70,13200
62,2000
68,38400
36,5500
56,43500
21,9000
85,10800
30,40000
75,60600
79,44000
30,50000
35,22000
74,31300
67,12000
81,15500
50,8500
54,90000
26,25000
54,78100
73,32300
31,40200
20,58000
46,206000
54,44900
73,22700
24,1500
27,90000
42,200000
82,24400
80,60600
43,72000
75,18000
56,60150
26,40000
50,32000
30,82000
69,36200
38,8000
60,100000
58,69000
72,25000
28,29000
33,75000
59,79200
54,60000
67,52000
70,12600
28,51000
37,60000
67,30400
48,200000
44,32300
44,29700
50,36000
59,20000
20,650
69,43500
86,22200
64,20300
53,360
57,5000
70,15000
94,82900
67,36000
60,111000
30,20000
58,28000
23,15000
54,90000
85,45200
60,10200
54,72000
25,60000
47,86000
63,33000
82,26960
71,5600
27,54000
18,2300
43,50000
81,25000
25,60000
75,40900
16,9000
38,30000
20,18000
86,10800
31,32000
68,2100
74,8000
42,65000
69,14000
49,41000
88,38680
21,17000
32,33000
56,28000
28,30000
63,60000
66,6000
61,30000
68,35200
64,21700
64,32300
69,13900
94,5350
38,27000
44,600
23,50000
73,8800
17,1500
60,67000
21,2000
81,24000
61,45000
64,41000
32,630
59,58000
48,90000
82,2000
82,25200
23,55000
37,67000
61,96000
61,20760
40,70000
78,44100
63,4800
28,31000
35,51000
23,7000
85,1000
44,330000
35,150000
82,25200
46,32400
41,12500
75,82900
48,129000
66,65000
59,31700
67,7200
31,32000
31,25000
60,130000
36,10000
64,40700
30,19200
48,5000
19,40000
20,4000
65,5600
21,49300
23,50000
85,1300
59,72000
37,22000
94,18400
55,27200
39,55000
70,42300
51,7000
18,8000
40,50000
48,2000
18,3000
37,112000
39,37500
54,100000
21,10200
37,48000
57,60000
64,31600
23,6000
86,43500
64,41000
26,18200
31,76000
42,18000
66,30000
63,112000
42,31200
16,2000
55,1500
41,25000
44,28000
45,82000
51,50000
51,91200
45,57000
24,41600
40,25000
48,62520
70,15500
66,1700
20,150
44,38000
49,15000
83,16900
69,15300
71,76800
86,11200
59,26100
94,41800
67,18000
53,80000
52,57000
26,35000
63,13100
27,64000
70,93700
75,58770
26,21200
62,7000
33,53000
61,41000
53,50000
69,48650
57,180000
74,75200
25,40000
21,22000
51,21000
71,294300
73,18600
20,10000
49,6000
19,5000
33,91000
63,50000
58,28000
49,44000
28,60000
19,2000
20,2500
75,31100
69,12000
61,67000
30,68000
75,47800
57,15960
67,10800
45,138000
21,60150
15,1500
37,5000
68,28100
33,15000
30,30000
43,110000
58,75000
73,44900
40,117000
49,122000
49,170000
57,100000
42,15000
49,180000
18,1800
30,212000
67,11800
33,26000
61,28800
60,8300
55,60000
63,76020
56,85000
34,53000
20,2000
19,300
67,136000
61,26000
73,12500
51,100000
42,75000
19,186000
71,129000
46,41000
17,4000
39,65000
64,65000
76,1400
54,50000
59,55000
71,32300
68,7000
52,94000
58,85000
49,38000
67,24400
21,11700
69,22100
86,39300
61,46700
87,52400
24,60000
70,56000
56,45000
25,35000
42,51900
73,80600
39,30000
30,52400
85,27000
69,32000
63,31500
73,43100
68,19800
54,10400
64,4
30,25000
71,112200
33,65000
60,36000
81,7000
43,24000
62,12000
56,115000
60,400
30,9900
78,29000
50,3600
23,20000
63,12000
74,5000
34,76000
58,264560
58,33300
19,8000
66,24000
21,1000
37,16400
34,60000
37,40000
46,69000
36,300000
65,39700
61,144000
49,50000
71,42700
43,120000
58,70000
49,150000
59,50000
59,45000
20,5700
25,73000
27,500
34,30000
39,70000
44,42000
29,55000
29,83000
56,40600
43,82000
79,30100
51,20000
43,38500
34,50000
85,38000
21,15300
58,120000
48,26000
65,28000
52,65000
38,80000
30,8000
76,41900
46,40000
27,60000
34,29100
72,63240
53,5000
25,18900
31,70000
45,61000
62,35300
31,40000
53,259700
51,12000
38,3000
71,176000
41,61000
66,40300
92,12000
86,35000
94,109000
38,90000
50,70000
69,1400
60,66000
75,70300
75,25800
55,21200
32,135000
51,120000
58,22000
18,4000
50,62000
34,86000
63,36700
53,26500
63,500
29,80000
67,29900
52,98000
76,36030
25,15000
63,61000
85,42700
61,42000
44,100000
51,300000
82,15600
23,60004
82,18300
65,88000
17,300
67,151300
59,61400
76,198400
17,3600
57,85000
77,11600
35,100000
53,45000
15,3000
47,38000
62,119000
86,27000
79,18000
30,18000
63,60620
60,19400
52,180000
56,28000
31,15000
16,1400
62,20000
53,30000
69,166800
48,28900
59,62000
60,118000
39,50000
43,14000
86,36000
78,164000
63,18000
56,80000
50,55000
23,19700
52,70000
58,19200
54,41700
62,40000
42,62000
43,38400
18,7000
70,43200
70,16020
69,250
59,55000
66,37900
32,25000
19,8000
27,60000
41,12000
26,58020
63,54000
23,15000
18,1000
86,81300
55,60000
80,34000
60,25000
49,19100
40,175000
36,17300
57,37400
48,11600
60,5000
45,50000
70,22500
48,80000
46,60000
30,100000
34,18000
63,140500
63,20000
66,35600
43,54000
70,54700
76,30000
27,75500
39,7910
77,12000
64,5500
69,19200
22,3000
86,80700
66,22800
72,58700
67,1600
46,21800
67,32700
25,80000
38,32000
37,1200
67,70000
77,82200
84,63100
73,9000
87,54000
36,68030
50,69000
68,39800
89,25600
34,30000
34,21600
55,38000
17,6000
91,36000
66,22000
71,8400
37,26200
19,2200
81,36130
50,35000
68,22500
39,8400
65,45500
55,5700
37,5500
62,64500
63,30700
39,108000
85,28480
41,85000
32,60000
24,300
33,200
43,42000
56,79000
38,70400
24,57000
46,190000
31,9000
19,3000
53,43700
33,59000
22,50100
39,400
56,1000
71,50300
64,12050
77,22800
59,20000
56,35000
16,1000
34,80000
47,28000
54,35030
59,55000
68,140200
20,16000
70,3000
68,28800
42,25000
47,105000
51,85000
64,87800
23,20000
60,19200
61,65000
54,100000
25,70000
19,2300
70,282500
72,26000
27,8500
17,2900
44,35500
56,48000
55,48000
68,18200
65,71200
54,30000
61,10800
78,94000
22,18000
56,34000
53,34500
67,12000
67,107000
65,20100
76,65150
29,40000
34,25500
24,15000
70,6300
56,60000
31,120000
62,375000
59,45000
21,25000
72,12250
35,43000
52,175000
41,70000
22,6500
64,38000
94,80000
42,75000
49,81000
64,1200
70,33000
38,109000
53,44000
26,23000
57,44600
72,191200
72,66400
49,4700
28,42000
42,84000
72,59700
28,45000
61,10000
37,100000
46,35000
58,34100
37,60000
48,40000
57,80000
69,28600
31,38000
52,364000
72,9300
62,47000
31,100000
46,200000
25,38400
62,100000
29,80000
76,103100
75,44020
65,7100
68,28100
56,40000
34,26000
45,36000
74,70000
55,38100
95,32000
59,100000
89,9700
52,40000
54,40000
23,60000
36,48000
78,7600
17,4300
79,115700
62,23000
20,10000
53,7200
47,89300
48,120000
38,10000
58,22800
22,2000
74,96200
69,24000
58,85000
48,110000
63,9700
62,12500
26,5600
26,61000
19,22500
68,29600
27,40000
43,12900
55,15200
56,127000
22,11900
31,15000
18,3500
42,40000
65,65000
65,37000
20,30000
43,128100
38,85000
40,54000
47,22000
63,11000
68,99030
35,20000
41,191000
38,152000
40,56000
67,41600
78,11400
68,32300
50,80000
58,38000
34,80000
34,154000
76,28990
76,150000
43,115000
95,29000
61,62000
54,250000
36,158000
46,53000
77,9700
56,80000
37,99000
22,20100
37,52000
80,13200
26,60000
64,118000
73,38000
40,43000
64,24000
69,12000
64,87000
66,26000
66,19990
35,37000
40,150000
26,67600
35,9900
33,40000
68,51930
65,60000
66,35400
58,27000
90,5400
24,28800
33,25000
71,375000
25,48000
21,4000
61,34120
56,68000
75,37100
55,109000
25,120000
75,106100
49,175000
42,165000
92,63700
54,17300
93,15600
51,65000
66,106600
74,19500
26,36000
40,45000
37,26500
64,43580
73,32000
38,83000
73,44200
58,80000
25,15000
62,45400
65,400
70,31000
27,24000
76,168700
89,27000
29,1000
16,7000
58,1200
68,45200
62,80000
81,86200
83,40400
68,52000
24,33000
44,53000
43,480
22,40700
48,105000
47,25000
20,28000
48,75000
19,10000
31,25000
32,165000
48,25000
58,160000
40,80000
49,54000
32,31000
76,127900
24,32900
36,58000
34,2000
67,3000
23,40000
70,28600
61,50000
26,4000
51,20500
65,11700
31,23200
67,45030
33,40000
84,39600
36,25000
65,14600
67,2200
61,220000
74,11000
63,42000
67,90000
65,53300
56,23000
64,10000
76,209300
32,9000
72,58000
80,30200
66,2100
24,30000
37,57000
24,45000
31,86040
52,175000
68,59000
19,8100
59,48000
76,28500
72,29700
31,61000
80,37800
69,23400
54,7000
56,83000
41,40000
54,310000
38,84000
85,27400
70,17400
78,2500
26,40000
19,2800
56,50000
34,90000
26,40000
49,37000
87,20400
76,44800
36,34400
63,17000
68,18000
31,108000
59,11000
80,47500
92,95500
64,55000
51,36000
21,50010
33,10800
33,36700
51,140000
54,100000
36,62300
36,6500
81,11800
71,19100
25,38200
62,35120
71,51320
68,14500
20,4500
40,40000
70,36000
57,155000
22,20000
39,50000
58,13800
65,13800
86,66000
74,160000
65,100000
51,53500
24,17000
69,14000
42,60000
26,41000
39,46500
42,55000
32,67000
60,16500
47,253000
63,12000
76,23700
21,9100
36,30000
47,120000
61,310000
89,27500
63,14900
72,15900
21,3000
59,22000
33,50000
28,60000
78,34600
77,91200
69,61600
66,56500
66,26000
44,47000
30,10800
74,37800
33,40000
53,40000
82,22900
16,8900
52,79000
63,95000
70,129000
50,50000
43,23000
64,48000
35,41000
41,65000
35,50000
55,30000
28,85000
55,130000
79,23210
79,33220
36,100000
61,150000
74,36200
55,48000
94,27800
72,12800
69,60000
54,20000
37,5200
73,19600
47,58000
73,69300
61,268400
65,10700
67,62000
77,6400
66,54800
51,8000
50,70000
46,159000
36,30000
63,23000
25,65000
58,67000
29,48000
60,1500
30,15000
62,33200
35,71000
51,30000
86,21600
49,18000
28,34000
51,183000
78,47100
20,4000
63,19000
18,28000
59,31500
86,15600
35,62000
66,41000
66,66000
31,9800
59,30000
20,58000
76,31000
85,64000
37,49500
21,30000
28,10000
19,31000
34,90000
30,30000
62,80000
49,196000
85,13900
70,28400
61,52000
29,35000
22,1500
48,90000
70,36700
77,10800
53,100000
69,52100
47,127000
27,66000
49,129000
63,155210
53,153000
31,52000
26,7000
60,3000
74,37000
33,75000
28,70000
29,46000
71,22720
41,55000
58,55000
80,211200
67,85500
32,52000
59,1200
57,50000
71,56400
33,18000
38,26000
44,145000
44,45000
23,20200
36,80000
72,17800
74,45000
67,140000
65,25900
36,60000
48,65000
42,200000
50,45000
76,33000
62,52300
38,92000
32,25000
71,45000
27,58000
42,166600
84,12900
53,62000
24,15800
37,60000
60,37800
48,200000
58,38000
53,70000
29,50000
18,4000
26,15700
34,90000
18,3000
74,165100
82,54500
65,24000
70,14000
45,55000
41,50000
58,40000
45,230050
54,95000
42,12000
60,60000
54,55000
76,9000
20,2500
50,35000
68,108000
42,80000
36,32000
81,59400
68,44800
85,128600
52,60000
34,52500
64,26000
40,50000
43,60000
44,85300
71,58000
18,5000
63,85000
64,43800
18,2500
23,35400
78,23200
32,32000
59,20000
46,175580
78,39400
37,48000
39,1800
54,52000
48,105000
66,450
58,5400
20,5000
72,25000
67,24000
53,48300
49,94000
66,31100
30,22000
72,38400
73,142000
49,25000
18,3500
36,5000
74,27500
64,36000
56,11200
33,10800
66,5500
67,70100
50,108000
64,60000
59,85000
65,80000
44,115000
42,68000
83,6000
23,33000
87,18200
38,67000
71,11300
55,58000
76,23000
66,48300
59,80000
79,53400
50,65300
66,24500
43,31200
41,17000
82,62400
27,30000
22,3000
34,60000
82,24000
76,12200
77,49980
59,59000
42,580
35,10600
30,220000
39,56000
86,15900
34,66000
33,265000
42,195000
26,25000
74,14000
63,17000
72,30800
42,50000
49,67000
57,95000
43,700
65,1900
55,70000
39,83000
76,39100
70,91300
70,14800
50,52000
15,8000
50,28000
60,38000
67,64940
48,30000
58,20000
48,12400
27,36000
44,43000
57,96000
67,60300
63,88000
31,35400
45,46000
73,67200
26,35000
47,10000
64,3800
33,45000
61,27000
39,87000
30,42000
57,48000
71,13800
55,225000
57,13000
61,77000
75,39500
89,18500
70,208400
41,83000
34,60000
57,70000
89,31400
72,106800
27,170000
50,165000
79,70400
68,18800
36,55000
57,70000
16,7000
19,3600
74,12260
26,75000
52,131200
57,50000
53,144000
15,4500
32,84000
33,14500
56,290000
61,20000
66,60000
65,12000
28,31600
20,2100
32,31000
20,39200
17,95000
66,19200
53,87000
63,60000
42,40000
66,28000
76,14400
19,900
20,26500
36,45000
39,5600
59,150000
42,242000
52,10000
64,80000
48,125000
68,70090
52,78700
58,30000
67,52100
62,1100
47,75000
60,50000
71,32100
24,35000
49,27900
40,20000
65,6200
78,37700
19,15000
68,2600
30,42500
27,120000
34,15500
17,4000
54,13800
36,30000
23,40000
65,13400
54,58000
84,21600
26,10000
51,30000
28,72000
76,28000
40,33000
73,58500
59,188000
69,57600
22,35000
43,45500
27,40000
31,10800
47,11500
29,180000
63,24000
57,250000
73,17200
65,30700
75,11000
53,43980
50,165000
67,102600
42,82600
67,84000
64,56500
74,16800
61,11400
69,134200
48,7600
70,53300
30,22300
21,3000
68,15000
83,19000
65,102900
73,41500
84,10900
33,35200
85,16200
31,5000
76,15060
74,66400
60,27000
17,3000
66,115310
56,54000
75,76200
72,47700
39,20000
44,180000
42,150000
49,36000
18,5000
67,20000
56,82100
52,47800
74,63500
68,49000
44,22000
73,23700
52,80000
47,41800
27,11300
49,22000
86,13000
55,11000
27,40000
52,93000
44,45000
68,67400
37,58000
36,45000
36,90000
38,20000
45,36000
51,210000
70,285000
29,40000
35,35000
78,26400
72,15800
70,105000
43,17000
67,150000
60,66000
86,99120
62,32400
55,96000
37,35000
52,170150
52,100000
42,146000
25,3000
43,150000
39,13000
82,88100
45,15500
28,50000
61,10000
68,41400
19,5300
69,73600
32,22000
50,52000
16,100
39,24000
37,66000
51,30000
61,53000
26,74000
47,32000
20,15000
49,12000
68,26800
70,14200
17,40500
81,10200
77,63500
60,35000
22,12500
39,32000
88,11400
37,75000
77,52500
40,15000
80,46640
59,77200
31,35000
23,55000
29,43000
48,10700
60,37000
43,100000
35,14400
19,31200
58,24000
93,81600
19,80000
75,20400
61,54000
35,240000
36,343300
74,71100
41,50000
83,50
80,19400
39,46500
60,186000
43,80000
88,19500
73,52200
38,32000
47,39000
29,100000
31,64000
36,95000
83,15000
37,110000
83,16990
63,15000
51,23600
31,35000
71,15400
19,9000
45,50000
74,30000
71,10000
58,25000
68,24400
20,6000
63,4960
72,73900
45,38000
36,87000
28,28300
30,40000
62,120000
43,150000
64,70000
31,8400
27,70000
51,45000
47,92000
53,270800
58,120000
32,23000
70,83920
27,35000
61,30000
49,900
47,125000
52,21000
66,70000
58,20000
57,34000
69,48100
76,20000
66,12180
19,28000
63,50000
20,20000
62,100000
86,58800
38,75000
94,12000
18,7200
27,40000
81,43400
37,27000
25,15000
35,11000
94,32100
52,11000
41,70000
58,36700
66,35400
39,50000
42,33000
71,6500
92,69300
41,250000
30,44000
50,140000
67,217600
52,292000
29,30000
53,75000
60,15000
50,45000
40,130000
81,35100
58,54000
56,62000
46,110300
32,45000
31,77000
22,30000
71,19100
31,90000
49,16000
32,38000
47,37500
45,67000
31,30800
18,3500
32,61000
75,9600
34,120000
70,31700
24,1300
61,165000
71,95000
28,71000
74,107700
40,100000
26,24000
74,10900
52,78000
65,275000
70,30000
58,50000
50,239500
57,12000
36,30000
17,2000
76,7300
21,52000
72,110000
85,24000
66,80000
50,40000
26,75000
62,62000
26,50000
56,65000
79,26900
54,31000
25,60000
51,71000
18,1600
62,150000
36,24000
35,48000
59,12500
26,61000
36,153000
52,175000
17,800
41,60000
20,4000
70,21600
65,10000
57,24000
42,2200
52,160000
62,47700
35,122630
66,109800
88,38900
44,100000
28,50000
64,15500
21,22000
47,77000
73,99000
36,107000
19,1400
51,233500
72,9000
55,150000
80,7500
80,47520
39,4820
22,25000
25,40000
85,18000
32,70000
61,116000
49,4000
41,78940
63,4000
46,50000
65,19000
45,45500
62,64000
82,3200
84,14400
30,11000
83,8500
25,95000
52,10000
17,6000
58,60000
19,1900
62,55000
39,41000
83,20000
72,114000
31,46000
40,10790
24,70000
75,10700
48,40000
57,42000
60,6000
63,35000
35,212000
67,5600
55,27000
62,60000
79,9400
51,54000
44,15600
18,25000
44,125500
66,27500
34,30700
65,19000
41,33000
39,50000
25,70800
30,122000
75,2200
48,10
31,25000
31,120100
54,24000
53,116000
67,200
52,56000
65,220000
50,145000
31,70000
18,7200
93,9400
75,8400
38,16600
21,29600
40,90000
26,43200
87,20000
29,72000
89,22200
37,26000
51,21700
26,32600
49,22000
40,58010
54,70000
67,1800
25,13000
72,13800
70,19000
52,165500
70,55000
68,53100
26,50000
41,66000
30,30000
66,142000
43,30000
29,15000
33,2000
34,50000
45,31500
47,300030
58,16000
17,4700
76,27600
45,62000
42,90000
53,85000
42,40000
64,40000
63,30000
84,50800
21,40000
56,117000
56,70000
49,120000
19,5000
31,111000
73,42750
54,28800
26,40000
75,106000
84,18600
25,72000
35,120000
40,32300
24,40000
71,62800
34,107000
60,10700
60,30000
50,39500
53,130000
63,38000
37,40000
32,42000
90,36700
70,35580
20,14000
51,19700
53,12000
57,200000
75,71400
46,120000
53,13500
61,50
39,28000
48,9200
28,141000
55,40000
48,50000
20,16000
39,25000
73,10400
19,4700
18,24000
69,6800
42,75000
52,17000
84,8500
52,68000
61,112000
65,9600
57,20000
51,120000
59,59800
27,19200
61,40000
48,21000
45,96200
35,46000
29,135000
37,10000
67,22200
25,10000
69,42300
41,150000
20,2800
61,25000
64,17000
20,17000
66,15000
47,65000
52,31200
17,7000
47,90000
39,66000
63,25000
58,85000
69,50000
35,113000
74,44500
81,3800
37,25000
37,55000
31,60000
46,4000
42,75000
18,3700
64,25000
73,23300
77,34600
30,10000
62,89000
42,50000
57,54000
79,34000
23,29000
27,45000
61,114000
75,25000
49,11000
69,80200
71,32800
35,100000
73,25900
62,26300
28,5000
39,85000
56,100000
73,74200
73,62400
67,30100
58,24100
43,77500
74,13200
62,4500
83,22000
28,46600
59,101000
21,15800
79,20550
66,22000
33,42000
48,60000
49,116000
43,42000
63,280000
34,20000
16,1200
73,161000
93,9400
64,41000
65,34300
34,15000
70,95100
32,24100
67,44700
31,52000
37,15400
22,11000
64,35000
47,75000
26,36000
27,8000
75,74000
40,357000
43,94000
80,45700
67,245000
55,3200
59,28000
70,24000
62,5000
46,96000
93,38500
69,312100
68,38000
28,100000
73,15600
18,15200
23,24000
34,50000
70,16300
17,12500
28,99000
80,11600
61,22800
26,10000
68,10200
48,172000
20,9000
43,11400
32,50000
17,2000
77,10700
22,10000
66,14000
23,700
46,36000
79,97200
63,110000
24,36000
65,26000
64,237000
56,132000
18,2500
31,50000
76,99000
20,23500
70,51500
39,65000
77,54800
72,12500
65,800
39,198000
31,40000
16,4300
51,6000
27,20900
61,55000
29,22000
50,95000
20,20000
49,105000
65,23100
64,12000
62,130000
71,43000
30,21900
59,61300
64,12600
58,56000
33,96000
19,4000
72,3600
72,64400
49,140000
26,24000
57,50000
30,5000
48,780
74,136000
62,11800
33,175000
37,60000
45,50000
73,76700
32,5000
23,13500
73,32000
48,63000
52,92000
24,37400
65,50000
73,19300
27,27100
32,54000
28,1500
65,46430
50,50000
70,40300
25,1000
59,60000
67,11000
79,10000
46,40000
68,65100
46,155000
57,60000
56,55000
17,1200
33,15000
59,25000
56,26600
50,60000
78,22700
71,44200
39,48000
59,326000
17,1300
51,34500
86,72500
23,112000
18,1000
56,370000
32,20000
27,26000
71,41000
73,20500
65,30600
24,1500
30,12000
52,80000
62,66000
56,12600
45,41600
43,7800
71,35600
63,59000
42,6000
18,4600
56,7500
80,27700
61,24000
22,12000
17,3000
38,60000
50,14400
73,23000
40,107570
49,185000
73,13900
73,46300
59,27100
53,93000
48,23000
22,12100
26,55000
28,25000
27,50000
51,1300
59,7000
43,75000
84,36200
68,12200
34,75000
69,33300
25,33000
94,13200
25,26000
44,79500
66,38500
63,99000
75,31900
29,5500
82,76800
63,182000
42,3300
18,2500
30,100000
40,70000
67,21200
72,32000
33,115000
32,119000
50,32700
33,59000
56,93000
24,49800
77,7900
71,266000
26,3200
38,50000
70,1500
64,40000
23,25000
63,104000
82,22030
60,135400
49,36000
56,35000
68,12000
58,117600
36,1500
42,4000
58,150000
57,11200
21,2500
76,14800
34,285000
70,21200
58,46000
30,75000
68,1800
82,11200
22,10000
66,34300
46,133300
69,24650
34,79500
75,81500
63,22200
77,50600
20,19700
62,70000
78,8700
37,65000
76,60600
76,12000
45,19600
61,10000
42,8000
36,56000
41,4300
75,8400
66,69900
51,40200
23,124000
18,8000
21,8000
21,14900
21,30000
21,5000
68,36010
29,129000
32,4500
26,18000
64,13000
84,60000
41,50000
63,80000
77,57700
40,110000
19,11800
37,38000
53,66000
44,49000
61,100000
31,50000
63,27600
16,6000
73,96500
68,9100
56,69000
22,6600
73,25200
51,81200
56,38000
29,3400
56,275000
35,325000
60,24000
65,318800
81,25310
36,18600
64,48000
70,97000
75,26100
51,72000
73,46900
25,35000
73,111700
28,90000
68,6000
37,30900
41,78500
38,96000
38,125000
65,22000
29,51000
40,7200
74,34600
36,36000
44,100000
39,180000
24,50000
26,17300
27,3000
94,46000
64,16000
36,30000
25,22000
27,115000
61,36000
60,21800
20,14000
36,23500
45,122000
40,35000
66,8500
33,35400
42,35000
75,7200
18,8000
22,7000
79,111600
29,38400
30,50000
74,62000
23,7000
48,55000
22,4100
41,150000
44,100000
48,85000
55,20000
74,1800
75,7900
75,105800
43,15000
50,150000
32,31700
19,4300
18,9200
37,1100
58,58000
18,2500
44,30190
47,38900
20,1200
25,60000
59,128000
74,21800
55,45000
64,15000
39,20000
75,355800
27,60000
43,120000
61,19000
76,10200
71,24610
16,4900
67,13000
25,17000
53,260000
72,18800
79,21200
71,103000
55,90050
32,12800
28,25000
52,15300
72,32600
60,96000
49,5000
70,85000
74,14000
59,115000
58,79000
50,80000
55,17500
46,45000
72,108700
61,33400
65,16000
20,5000
58,164600
49,30000
69,28200
29,41600
39,12400
85,10800
35,20000
77,98000
72,36800
39,60000
54,71000
79,16900
65,39200
54,8510
32,8000
56,86000
17,25000
74,11300
47,100000
57,12800
34,30000
29,78000
59,55000
70,24900
50,80000
48,50000
67,7300
57,3000
44,150000
64,29000
60,98000
24,42200
74,21500
55,83200
23,41000
59,100000
88,7900
35,210000
32,12000
58,30000
77,7400
29,4300
26,75000
36,140000
68,18000
67,12000
75,5600
49,32000
70,17200
43,49000
64,62200
95,12000
63,96000
31,13600
67,28900
58,24000
47,110000
76,14600
43,1300
18,40000
49,180000
66,16600
61,73500
74,60000
41,12000
36,10000
30,49000
66,7700
36,130000
61,11000
45,78000
43,100000
70,13000
31,44000
27,4500
72,90000
65,29000
61,150000
69,10400
81,294300
71,92000
73,19700
64,10100
75,2600
47,20000
47,1000
69,62300
23,45250
41,27000
68,116000
62,20000
18,25700
55,37000
46,51000
65,250000
54,120000
25,51000
58,54000
75,2300
55,175000
51,28000
67,55000
38,200000
26,7300
23,21200
41,15000
22,12900
32,50000
40,81500
72,57000
60,104000
30,80000
30,80000
17,20
48,96000
44,185000
49,93600
65,46000
24,30060
63,10000
47,42000
30,30000
30,101500
28,85100
39,101000
73,10000
59,4000
66,55600
58,100000
54,150000
35,11400
33,75000
28,222300
29,80000
19,10000
74,104100
55,70000
51,65000
52,52000
55,35000
82,23200
52,74000
70,19000
70,46400
33,8700
31,55000
24,26900
59,140000
46,2500
59,42000
56,31000
66,14100
28,1200
61,15000
71,158100
29,60000
73,16000
21,23000
70,7200
42,100000
61,50000
52,24000
33,92200
44,100000
66,79000
44,69400
37,25000
61,100000
26,70000
23,26300
44,45000
79,2200
65,180500
58,43000
37,25000
65,8100
76,72000
85,38600
57,22000
49,30000
64,157500
63,20000
28,32000
25,50300
35,20300
71,6950
61,39000
18,4000
39,34000
44,32000
67,18200
21,600
28,18700
61,75000
42,219100
37,40300
49,105000
44,25800
47,80000
18,40000
72,15700
25,4000
60,5500
26,45000
18,20000
35,77000
44,190000
21,4000
74,92000
40,196000
43,45000
18,8000
27,16000
66,61000
50,63000
23,6300
71,22300
64,9000
55,73000
72,29900
62,74230
39,62000
38,35000
90,20200
76,24000
54,42000
75,57000
66,50200
43,60000
34,89000
63,18000
64,145000
79,8000
34,50000
77,62000
46,500
64,44000
62,20000
40,5000
42,50000
39,140000
51,200000
64,42720
20,7500
53,24000
44,62000
52,45000
79,10200
16,4000
35,120000
45,32000
81,38200
79,134400
19,5000
18,12000
32,60000
65,20000
54,48000
69,18600
18,4800
38,48000
35,17800
22,4000
47,40000
66,62000
62,700
29,3800
44,1800
29,6000
22,45000
29,40300
73,45500
18,30000
40,8600
55,15800
19,18300
67,5000
71,19200
73,232800
21,10000
46,2000
30,19000
40,120000
16,3600
51,9600
72,154600
74,59000
43,7500
39,150000
42,34800
31,32000
42,46100
57,130000
62,180000
78,24300
75,31500
64,40000
40,57000
34,64000
26,79000
18,12000
67,10800
52,52000
21,2600
72,36500
78,18000
95,22300
66,8000
30,26400
25,90000
37,60000
72,22000
72,85200
62,14400
49,13000
79,26400
53,156000
18,400
71,20100
54,100000
38,9900
52,3600
30,26100
74,10800
65,56000
68,14000
48,15000
44,20000
31,20000
30,80000
17,7000
52,102000
41,83000
19,25000
50,145000
55,50000
64,39000
51,13800
69,8400
48,88600
35,16000
40,50000
22,22900
33,70000
21,5000
82,38400
63,13200
54,85000
18,2000
48,52000
62,100000
20,28000
39,73000
25,34400
18,10600
77,15300
67,24000
67,43100
69,84200
70,73600
56,190100
31,36000
79,47900
83,331500
38,17280
