year,month,day,dep_time,sched_dep_time,arr_time,sched_arr_time,distance,origin,dest
2013,3,25,1929.0,1905,2236.0,2217,1068,EWR,RSW
2013,4,26,956.0,1000,1257.0,1334,2586,JFK,SFO
2013,5,21,1320.0,1309,1430.0,1414,199,EWR,DCA
2013,7,18,1222.0,1230,1357.0,1419,529,EWR,CLT
2013,8,29,540.0,545,921.0,921,1576,JFK,BQN
2013,11,14,2031.0,2025,2342.0,2340,2475,JFK,LAX
2013,3,30,1755.0,1755,2110.0,2114,2475,JFK,LAX
2013,8,10,1544.0,1545,2003.0,2001,1598,JFK,SJU
2013,3,27,1855.0,1900,2019.0,2028,184,JFK,BWI
2013,5,13,1912.0,1915,2055.0,2154,2153,JFK,PHX
2013,9,23,557.0,600,812.0,829,746,EWR,ATL
2013,11,30,1552.0,1600,1837.0,1906,944,JFK,MCO
2013,4,12,1117.0,1115,1401.0,1404,1400,EWR,IAH
2013,9,10,1257.0,1259,1443.0,1501,544,LGA,CLT
2013,1,13,2131.0,2125,2256.0,2233,200,EWR,BOS
2013,10,15,652.0,700,1003.0,1003,2475,JFK,LAX
2013,7,8,559.0,605,846.0,905,1096,LGA,MIA
2013,8,28,1920.0,1735,2240.0,2048,2422,JFK,SEA
2013,11,3,1156.0,1151,1415.0,1419,762,LGA,ATL
2013,6,2,900.0,900,1021.0,1036,733,LGA,ORD
2013,2,27,1056.0,1103,1258.0,1305,502,LGA,DTW
2013,7,14,1306.0,1315,1503.0,1505,529,EWR,CLT
2013,8,13,2025.0,2025,2226.0,2158,397,LGA,CAK
2013,4,8,2122.0,2100,2218.0,2209,200,EWR,BOS
2013,9,14,1254.0,1249,1349.0,1352,187,JFK,BOS
2013,12,5,1311.0,1156,1551.0,1425,1605,EWR,DEN
2013,10,11,1554.0,1545,1958.0,1944,1598,JFK,SJU
2013,3,25,945.0,935,1304.0,1247,1076,LGA,FLL
2013,10,1,,1159,,1344,419,LGA,CLE
2013,8,18,828.0,830,1106.0,1127,2425,EWR,SAN
2013,7,3,1442.0,1445,1631.0,1642,301,JFK,BUF
2013,6,17,2044.0,2030,2202.0,2211,228,JFK,IAD
2013,2,17,1824.0,1835,1930.0,1950,184,JFK,BWI
2013,4,15,1212.0,1220,1448.0,1505,1005,JFK,TPA
2013,5,16,1601.0,1603,1730.0,1730,229,LGA,IAD
2013,3,14,1448.0,1455,1620.0,1632,301,JFK,BUF
2013,12,3,555.0,600,848.0,856,1076,LGA,FLL
2013,3,1,1802.0,1805,1913.0,1921,187,JFK,BOS
2013,9,21,1407.0,1415,1540.0,1550,888,LGA,STL
2013,9,7,740.0,746,958.0,1030,1400,EWR,IAH
2013,4,28,915.0,920,1153.0,1225,1372,EWR,DFW
2013,1,7,2230.0,2230,308.0,313,1598,JFK,SJU
2013,12,5,2033.0,2030,2217.0,2150,719,EWR,ORD
2013,7,7,2215.0,1935,55.0,2245,2402,EWR,SEA
2013,11,30,1718.0,1715,2015.0,2035,1521,JFK,AUS
2013,3,29,1840.0,1845,2006.0,2030,444,LGA,CRW
2013,4,8,1506.0,1449,1636.0,1625,416,EWR,RDU
2013,9,19,10.0,2103,109.0,2226,277,EWR,RIC
2013,12,9,1638.0,1645,1918.0,1926,1620,LGA,DEN
2013,11,8,1858.0,1850,2215.0,2225,2586,JFK,SFO
2013,12,13,816.0,825,941.0,953,213,JFK,DCA
2013,12,26,1649.0,1648,1945.0,2038,2565,EWR,SFO
2013,6,13,842.0,830,1049.0,1010,740,JFK,ORD
2013,4,10,2148.0,1900,2330.0,2015,214,LGA,DCA
2013,7,9,905.0,905,1158.0,1225,1096,LGA,MIA
2013,10,25,1801.0,1755,2032.0,2036,2248,JFK,LAS
2013,2,14,2039.0,2040,2358.0,2332,937,EWR,MCO
2013,4,27,1548.0,1550,1802.0,1805,1167,EWR,MSY
2013,4,25,815.0,820,932.0,930,187,JFK,BOS
2013,5,8,2117.0,2030,2248.0,2150,711,EWR,MDW
2013,11,5,1919.0,1930,2153.0,2230,950,LGA,MCO
2013,2,6,1547.0,1550,1710.0,1710,711,EWR,MDW
2013,4,30,2020.0,2030,2135.0,2201,397,LGA,CAK
2013,8,7,1917.0,1825,2043.0,2009,378,LGA,BGR
2013,1,4,1341.0,1340,1617.0,1626,937,EWR,MCO
2013,1,27,1934.0,1934,2225.0,2219,1325,EWR,OKC
2013,3,3,1805.0,1800,1958.0,2006,541,JFK,CLT
2013,9,8,830.0,830,938.0,947,184,JFK,BWI
2013,9,2,958.0,1000,1117.0,1133,397,LGA,CAK
2013,11,26,1929.0,1930,2138.0,2138,631,EWR,TYS
2013,3,16,932.0,904,1230.0,1150,1874,EWR,JAC
2013,6,5,750.0,759,1005.0,1020,1107,LGA,MCI
2013,6,7,1610.0,1529,1752.0,1735,1008,EWR,MSP
2013,2,1,738.0,745,914.0,930,733,LGA,ORD
2013,4,15,,1210,,1510,1389,LGA,DFW
2013,11,22,2021.0,2000,2326.0,2303,1826,JFK,ABQ
2013,9,4,1652.0,1615,1807.0,1747,301,JFK,BUF
2013,3,7,,700,,1025,1411,EWR,HOU
2013,7,15,2140.0,2030,2315.0,2202,397,LGA,CAK
2013,11,20,1155.0,1159,1259.0,1309,213,JFK,DCA
2013,10,24,1734.0,1729,2025.0,2030,2425,EWR,SAN
2013,11,20,2041.0,1955,2217.0,2146,866,LGA,BHM
2013,3,28,1822.0,1830,2113.0,2205,2422,JFK,SEA
2013,1,27,1134.0,1129,1419.0,1419,937,EWR,MCO
2013,12,16,2126.0,2129,11.0,10,937,EWR,MCO
2013,4,29,605.0,605,800.0,800,502,LGA,DTW
2013,5,1,1046.0,1045,1358.0,1420,2586,JFK,SFO
2013,6,9,1054.0,1100,1241.0,1307,502,LGA,DTW
2013,11,27,738.0,740,911.0,925,733,LGA,ORD
2013,6,22,859.0,901,1144.0,1204,2422,JFK,SEA
2013,4,7,725.0,725,839.0,900,748,EWR,BNA
2013,8,13,1854.0,1900,2122.0,2143,1626,JFK,DEN
2013,6,29,1605.0,1609,1859.0,1909,2565,EWR,SFO
2013,2,25,701.0,659,1013.0,959,944,JFK,MCO
2013,3,14,608.0,610,915.0,918,1074,JFK,RSW
2013,11,7,2140.0,2050,2300.0,2212,187,JFK,BOS
2013,12,22,536.0,510,821.0,807,1400,EWR,IAH
2013,4,10,2340.0,2000,342.0,2305,1028,JFK,PBI
2013,5,15,935.0,945,1216.0,1240,950,LGA,MCO
2013,9,29,1447.0,1436,1843.0,1835,1598,JFK,SJU
2013,2,19,1909.0,1855,2244.0,2240,2586,JFK,SFO
2013,12,2,1453.0,1500,1637.0,1611,184,LGA,BOS
2013,7,26,615.0,620,825.0,843,760,JFK,ATL
2013,6,18,1958.0,2001,2238.0,2308,1826,JFK,ABQ
2013,1,23,1325.0,1330,1657.0,1705,2133,EWR,PHX
2013,9,10,2227.0,2125,2335.0,2247,305,LGA,CHO
2013,11,4,639.0,645,840.0,857,569,EWR,CVG
2013,3,22,1850.0,1855,2032.0,2051,340,JFK,PIT
2013,5,24,,600,,712,229,LGA,IAD
2013,1,10,1353.0,1345,1628.0,1641,944,JFK,MCO
2013,10,2,1737.0,1736,1926.0,2006,1113,JFK,MCI
2013,4,9,848.0,855,1112.0,1120,762,LGA,ATL
2013,9,18,1529.0,1529,1756.0,1836,2402,EWR,SEA
2013,7,10,1125.0,1125,1226.0,1235,266,JFK,BTV
2013,11,21,858.0,905,1005.0,1024,273,JFK,PWM
2013,5,27,1727.0,1715,1833.0,1829,200,EWR,BOS
2013,10,22,1653.0,1555,1856.0,1755,544,LGA,CLT
2013,10,21,903.0,910,1208.0,1220,2475,JFK,LAX
2013,8,30,743.0,745,1129.0,1144,1608,EWR,SJU
2013,10,31,1754.0,1759,2034.0,2029,762,LGA,ATL
2013,7,24,1447.0,1354,1550.0,1510,187,JFK,BOS
2013,7,14,1600.0,1606,1841.0,1909,944,JFK,MCO
2013,3,10,1819.0,1740,1933.0,1915,725,LGA,MDW
2013,6,13,1440.0,1440,1634.0,1643,502,LGA,DTW
2013,3,4,1024.0,1030,1346.0,1355,2586,JFK,SFO
2013,4,16,1531.0,1530,1654.0,1710,264,JFK,ROC
2013,12,3,2117.0,1932,155.0,28,1598,JFK,SJU
2013,6,21,949.0,955,1202.0,1213,549,LGA,DAY
2013,3,1,1356.0,1355,1703.0,1647,944,JFK,MCO
2013,6,25,2349.0,2025,255.0,2321,1521,JFK,AUS
2013,2,20,556.0,600,857.0,906,1372,EWR,DFW
2013,12,27,557.0,600,853.0,846,944,JFK,MCO
2013,3,27,1727.0,1725,2002.0,2017,937,EWR,MCO
2013,10,26,451.0,500,636.0,648,529,EWR,CLT
2013,12,25,1641.0,1645,1942.0,2010,2475,JFK,LAX
2013,4,6,1823.0,1829,2007.0,2031,529,EWR,CLT
2013,6,26,556.0,600,827.0,834,937,EWR,MCO
2013,3,14,1836.0,1800,1946.0,1925,711,EWR,MDW
2013,8,23,1829.0,1830,2047.0,2038,502,LGA,DTW
2013,9,22,1453.0,1459,1740.0,1807,1068,EWR,RSW
2013,6,29,1710.0,1711,2015.0,2039,2576,JFK,OAK
2013,10,23,820.0,825,1138.0,1120,937,EWR,MCO
2013,12,22,1117.0,1000,1359.0,1247,944,JFK,MCO
2013,2,27,1136.0,1130,1339.0,1334,544,LGA,CLT
2013,1,31,858.0,900,1435.0,1530,4983,JFK,HNL
2013,1,29,1759.0,1800,1853.0,1910,169,EWR,BWI
2013,4,28,600.0,600,841.0,840,944,JFK,MCO
2013,12,20,1200.0,1210,1513.0,1520,1389,LGA,DFW
2013,8,24,1932.0,1936,2222.0,2233,1076,LGA,FLL
2013,9,29,2134.0,2110,2307.0,2255,502,LGA,DTW
2013,7,5,1404.0,1359,1643.0,1636,1400,EWR,IAH
2013,2,6,1502.0,1455,1647.0,1645,733,LGA,ORD
2013,8,15,1648.0,1645,1945.0,1958,2565,EWR,SFO
2013,6,11,651.0,700,914.0,950,1372,EWR,DFW
2013,9,27,759.0,759,917.0,937,427,JFK,RDU
2013,8,12,1057.0,1100,1353.0,1359,950,LGA,MCO
2013,8,28,858.0,900,1101.0,1120,746,EWR,ATL
2013,1,31,,1025,,1231,488,EWR,DTW
2013,6,19,1733.0,1720,1951.0,1942,2133,EWR,PHX
2013,3,30,1416.0,1420,1553.0,1620,1020,LGA,MSP
2013,2,17,1445.0,1445,1633.0,1640,488,EWR,DTW
2013,6,3,726.0,727,935.0,925,488,EWR,DTW
2013,7,10,1931.0,1929,2254.0,2212,2227,EWR,LAS
2013,12,19,1155.0,1155,1454.0,1506,1065,EWR,FLL
2013,12,2,623.0,630,814.0,835,529,EWR,CLT
2013,10,9,727.0,730,1107.0,1124,1608,EWR,SJU
2013,5,13,855.0,900,1236.0,1219,1096,LGA,MIA
2013,9,12,,1625,,1750,764,LGA,BNA
2013,11,10,1625.0,1630,1953.0,1947,2454,JFK,PDX
2013,7,12,1525.0,1530,1830.0,1840,1010,LGA,TPA
2013,1,21,551.0,540,1020.0,1017,1576,JFK,BQN
2013,10,23,840.0,845,941.0,958,94,JFK,PHL
2013,6,27,634.0,634,834.0,840,645,EWR,IND
2013,11,4,1056.0,1100,1330.0,1332,762,LGA,ATL
2013,5,23,641.0,645,902.0,908,2153,JFK,PHX
2013,10,4,1802.0,1810,1944.0,1955,479,LGA,CMH
2013,1,15,1134.0,1130,1419.0,1422,937,EWR,MCO
2013,2,11,,1840,,2020,719,EWR,ORD
2013,4,12,1412.0,1415,1626.0,1633,746,EWR,ATL
2013,8,25,1614.0,1605,1726.0,1740,187,JFK,BOS
2013,8,9,1352.0,1300,1511.0,1425,719,EWR,ORD
2013,12,9,1924.0,1930,2115.0,2130,479,LGA,CMH
2013,11,3,2043.0,2045,2329.0,2359,1521,JFK,AUS
2013,12,15,1714.0,1718,1855.0,1908,872,EWR,STL
2013,5,6,2054.0,2055,2147.0,2215,719,EWR,ORD
2013,2,23,1137.0,1145,1331.0,1335,419,LGA,CLE
2013,9,13,653.0,655,806.0,809,187,JFK,BOS
2013,10,22,1303.0,1310,1543.0,1530,762,LGA,ATL
2013,10,16,1819.0,1825,2017.0,2042,509,JFK,DTW
2013,3,5,1102.0,1050,1400.0,1402,1068,EWR,RSW
2013,5,31,2008.0,2012,2259.0,2330,1504,EWR,AUS
2013,5,28,1452.0,1500,1549.0,1612,184,LGA,BOS
2013,10,9,1756.0,1800,2038.0,2104,2465,JFK,BUR
2013,1,29,553.0,600,654.0,715,228,JFK,IAD
2013,7,29,1708.0,1700,1935.0,1938,762,LGA,ATL
2013,6,25,1852.0,1830,2238.0,2155,2586,JFK,SFO
2013,6,22,1425.0,1430,1600.0,1622,1008,EWR,MSP
2013,12,12,1156.0,1156,1427.0,1425,1605,EWR,DEN
2013,3,21,1144.0,1145,1356.0,1402,746,EWR,ATL
2013,7,7,703.0,705,948.0,1015,1096,LGA,MIA
2013,2,5,1550.0,1545,1700.0,1703,184,JFK,BWI
2013,9,18,1827.0,1830,2128.0,2140,1065,EWR,FLL
2013,3,11,1129.0,1135,1435.0,1449,1096,LGA,MIA
2013,7,8,1032.0,1029,1322.0,1320,1069,JFK,FLL
2013,11,23,1732.0,1740,2207.0,2118,2153,JFK,PHX
2013,8,29,1340.0,1343,1628.0,1701,2565,EWR,SFO
2013,6,27,1748.0,1720,2110.0,1948,1605,EWR,DEN
2013,7,17,1027.0,1030,1302.0,1325,2475,JFK,LAX
2013,8,20,739.0,742,854.0,857,273,JFK,PWM
2013,12,20,1445.0,1430,1722.0,1657,1605,EWR,DEN
2013,5,27,1113.0,1115,1216.0,1250,764,LGA,BNA
2013,2,5,1919.0,1920,2218.0,2246,1069,JFK,FLL
2013,4,24,2321.0,2040,37.0,2200,213,JFK,DCA
2013,8,8,724.0,725,843.0,845,748,EWR,BNA
2013,8,11,1530.0,1538,1725.0,1741,544,LGA,CLT
2013,3,4,1024.0,1030,1205.0,1215,431,LGA,RDU
2013,10,24,1513.0,1459,1849.0,1804,1005,JFK,TPA
2013,4,4,1821.0,1829,2006.0,2045,549,LGA,DAY
2013,9,23,2103.0,2106,2253.0,2300,529,EWR,CLT
2013,2,15,2008.0,2000,2312.0,2308,997,EWR,TPA
2013,10,3,1658.0,1705,1808.0,1828,273,JFK,PWM
2013,7,18,2311.0,2129,6.0,2250,209,EWR,MHT
2013,4,5,2008.0,2005,2210.0,2213,569,EWR,CVG
2013,3,21,1233.0,1235,1528.0,1552,1990,JFK,SLC
2013,7,14,1734.0,1709,1919.0,1958,2227,EWR,LAS
2013,9,27,1959.0,2000,2205.0,2230,762,LGA,ATL
2013,8,9,941.0,945,1055.0,1120,725,LGA,MDW
2013,11,5,1151.0,1150,1327.0,1325,764,LGA,BNA
2013,11,16,2207.0,2215,2256.0,2317,143,EWR,ALB
2013,3,4,947.0,950,1229.0,1254,1069,JFK,FLL
2013,2,10,1934.0,1935,2155.0,2145,425,JFK,CLE
2013,10,18,1854.0,1900,2128.0,2127,1183,LGA,MSY
2013,2,5,1734.0,1729,2025.0,2022,997,EWR,TPA
2013,8,12,2030.0,2036,2157.0,2205,264,JFK,ROC
2013,1,18,950.0,955,1224.0,1246,1726,EWR,EGE
2013,11,17,930.0,903,1304.0,1237,2565,EWR,SFO
2013,10,8,2030.0,2045,2130.0,2153,200,EWR,BOS
2013,8,5,1506.0,1505,1747.0,1758,1504,EWR,AUS
2013,9,28,1901.0,1855,2109.0,2121,762,LGA,ATL
2013,1,15,1635.0,1640,1851.0,1835,888,LGA,STL
2013,12,18,1234.0,1105,1404.0,1242,335,LGA,PIT
2013,1,1,1451.0,1500,1634.0,1636,228,JFK,IAD
2013,5,30,1951.0,2000,2101.0,2112,184,LGA,BOS
2013,4,23,940.0,945,1138.0,1124,427,JFK,RDU
2013,10,18,1405.0,1359,1507.0,1511,200,EWR,BOS
2013,2,11,1334.0,1330,1610.0,1605,760,JFK,ATL
2013,10,21,554.0,600,647.0,701,184,LGA,BOS
2013,11,4,1503.0,1505,1815.0,1830,1089,JFK,MIA
2013,2,15,2000.0,1954,2254.0,2300,1400,EWR,IAH
2013,1,2,739.0,735,1033.0,1031,937,EWR,MCO
2013,5,2,906.0,900,1024.0,1033,719,EWR,ORD
2013,11,21,1937.0,1930,2242.0,2249,1587,JFK,SAT
2013,5,6,959.0,1005,1143.0,1201,628,EWR,CHS
2013,11,5,631.0,615,914.0,935,1411,EWR,HOU
2013,4,25,848.0,850,1057.0,1025,427,JFK,RDU
2013,7,1,1831.0,1825,2133.0,2121,2454,EWR,LAX
2013,10,31,1829.0,1835,2133.0,2144,1005,JFK,TPA
2013,1,29,918.0,920,1243.0,1233,2454,EWR,LAX
2013,8,12,1522.0,1459,1810.0,1746,1428,JFK,HOU
2013,2,2,1835.0,1810,2140.0,2130,1096,LGA,MIA
2013,1,30,1900.0,1605,127.0,1944,1074,JFK,RSW
2013,9,8,1035.0,1045,1315.0,1352,1076,LGA,FLL
2013,4,12,908.0,910,1217.0,1158,937,EWR,MCO
2013,8,28,829.0,829,1028.0,1028,1008,EWR,MSP
2013,7,26,2104.0,2100,2226.0,2235,733,LGA,ORD
2013,7,22,601.0,605,833.0,849,997,EWR,TPA
2013,6,13,19.0,1759,253.0,2049,950,LGA,MCO
2013,8,3,1918.0,1830,2142.0,2057,665,JFK,IND
2013,12,12,1504.0,1455,1746.0,1736,828,JFK,JAX
2013,5,4,1149.0,1150,1425.0,1434,937,EWR,MCO
2013,11,15,911.0,915,1220.0,1235,1096,LGA,MIA
2013,8,9,1814.0,1730,2010.0,1940,502,LGA,DTW
2013,5,7,1855.0,1900,2103.0,2147,760,JFK,ATL
2013,9,8,1138.0,1139,1429.0,1457,2565,EWR,SFO
2013,8,15,906.0,910,1124.0,1108,488,EWR,DTW
2013,1,13,828.0,824,1113.0,1130,937,EWR,MCO
2013,10,6,1454.0,1500,1639.0,1657,529,EWR,CLT
2013,11,26,1312.0,1246,1509.0,1448,488,EWR,DTW
2013,9,22,1829.0,1800,2151.0,2118,1096,LGA,MIA
2013,10,13,1132.0,1135,1333.0,1343,1020,LGA,MSP
2013,5,20,1212.0,1215,1319.0,1325,266,JFK,BTV
2013,10,17,2056.0,2100,2259.0,2245,544,LGA,CLT
2013,7,1,,2029,,2233,533,EWR,DAY
2013,1,27,723.0,730,1046.0,1040,1389,LGA,DFW
2013,3,12,851.0,845,1146.0,1153,1023,EWR,PBI
2013,1,8,1633.0,1635,1854.0,1856,708,EWR,SAV
2013,8,16,1510.0,1455,1652.0,1701,425,JFK,CLE
2013,5,24,1925.0,1919,2228.0,2220,944,JFK,MCO
2013,4,26,1506.0,1315,1616.0,1433,277,EWR,RIC
2013,1,11,655.0,700,1025.0,1034,2475,JFK,LAX
2013,5,27,1050.0,1030,1212.0,1210,733,LGA,ORD
2013,4,13,850.0,855,1115.0,1120,762,LGA,ATL
2013,4,12,1143.0,1145,1436.0,1431,1428,JFK,HOU
2013,2,16,614.0,600,806.0,759,488,EWR,DTW
2013,8,5,1937.0,1930,2143.0,2156,1182,JFK,MSY
2013,11,19,1540.0,1545,1751.0,1815,1605,EWR,DEN
2013,1,12,1605.0,1605,1726.0,1752,765,JFK,BNA
2013,4,14,2144.0,2145,56.0,48,1069,JFK,FLL
2013,6,8,1459.0,1452,1719.0,1709,1182,JFK,MSY
2013,1,10,1352.0,1357,1545.0,1556,628,EWR,CHS
2013,4,18,844.0,850,1030.0,1025,427,JFK,RDU
2013,4,22,603.0,610,724.0,745,733,LGA,ORD
2013,7,29,754.0,755,947.0,949,636,JFK,CHS
2013,11,28,800.0,800,1123.0,1115,1096,LGA,MIA
2013,10,20,1947.0,1947,2251.0,2250,1069,JFK,FLL
2013,7,25,1140.0,1135,1440.0,1451,1076,LGA,FLL
2013,10,25,804.0,757,1008.0,1024,1605,EWR,DEN
2013,10,20,833.0,840,947.0,954,200,EWR,BOS
2013,1,25,2015.0,2000,16.0,2318,1085,EWR,MIA
2013,5,15,1452.0,1430,1823.0,1845,1598,JFK,SJU
2013,1,22,858.0,845,1048.0,1006,277,EWR,RIC
2013,7,25,2151.0,1822,44.0,2155,2565,EWR,SFO
2013,5,6,1507.0,1450,1649.0,1635,427,JFK,RDU
2013,9,2,2217.0,1820,28.0,2052,1029,JFK,MSP
2013,2,9,1405.0,1335,1927.0,1935,4963,EWR,HNL
2013,8,23,2104.0,2101,114.0,100,1598,JFK,SJU
2013,1,11,1311.0,1315,1505.0,1504,529,EWR,CLT
2013,9,11,600.0,602,833.0,852,997,EWR,TPA
2013,9,20,1254.0,1300,1425.0,1450,479,LGA,CMH
2013,6,11,1449.0,1255,1735.0,1542,1028,JFK,PBI
2013,2,26,612.0,615,803.0,825,1020,LGA,MSP
2013,4,21,1925.0,1859,2248.0,2230,1990,JFK,SLC
2013,10,26,852.0,900,1143.0,1157,2422,JFK,SEA
2013,3,8,,1235,,1415,427,JFK,RDU
2013,1,22,1919.0,1920,2053.0,2100,733,LGA,ORD
2013,4,6,1934.0,1935,2247.0,2307,2565,EWR,SFO
2013,6,30,2021.0,1729,2210.0,1934,488,EWR,DTW
2013,9,5,1659.0,1700,1929.0,2000,1389,LGA,DFW
2013,4,13,1401.0,1335,1622.0,1559,722,LGA,SAV
2013,6,17,2101.0,1905,2326.0,2108,740,JFK,ORD
2013,11,9,1335.0,1340,1626.0,1645,1076,LGA,FLL
2013,12,3,1650.0,1700,1911.0,1913,569,EWR,CVG
2013,9,24,1352.0,1355,1454.0,1510,200,EWR,BOS
2013,1,25,2359.0,2359,500.0,444,1617,JFK,PSE
2013,3,12,1001.0,1004,1155.0,1220,1020,LGA,MSP
2013,5,26,1843.0,1847,2018.0,2034,288,JFK,RIC
2013,12,17,,1450,,1650,544,LGA,CLT
2013,9,2,755.0,800,1054.0,1104,1068,EWR,RSW
2013,12,29,1425.0,1429,1611.0,1613,764,LGA,BNA
2013,12,19,558.0,600,651.0,658,96,LGA,PHL
2013,7,11,1053.0,1100,1237.0,1253,488,EWR,DTW
2013,4,6,827.0,835,952.0,1020,419,LGA,CLE
2013,10,26,1903.0,1900,2026.0,2031,748,EWR,BNA
2013,4,4,1645.0,1540,1850.0,1748,569,EWR,CVG
2013,3,22,1743.0,1721,1858.0,1858,719,EWR,ORD
2013,8,14,1818.0,1805,2050.0,2040,760,JFK,ATL
2013,11,25,1140.0,1130,1335.0,1344,1020,LGA,MSP
2013,2,15,832.0,835,1057.0,1105,762,LGA,ATL
2013,10,1,550.0,600,649.0,659,214,LGA,DCA
2013,4,9,1659.0,1700,1847.0,1830,213,JFK,DCA
2013,10,8,1306.0,1304,1559.0,1554,937,EWR,MCO
2013,4,20,1635.0,1630,1937.0,1923,1400,EWR,IAH
2013,9,5,1939.0,1950,2119.0,2140,479,LGA,CMH
2013,6,4,1829.0,1830,2124.0,2200,2422,JFK,SEA
2013,4,10,,1557,,1754,740,JFK,ORD
2013,2,11,1848.0,1735,1948.0,1854,266,JFK,BTV
2013,12,17,,2029,,2251,1134,EWR,OMA
2013,8,4,656.0,700,924.0,947,950,LGA,MCO
2013,3,4,855.0,900,1159.0,1224,2475,JFK,LAX
2013,3,10,1552.0,1555,1826.0,1810,1605,EWR,DEN
2013,4,10,1227.0,1230,1359.0,1355,738,LGA,MKE
2013,4,1,,850,,1035,419,LGA,CLE
2013,6,30,2127.0,1800,31.0,2102,2465,JFK,BUR
2013,2,12,1317.0,1300,1437.0,1440,733,LGA,ORD
2013,7,9,758.0,800,1046.0,1104,1069,JFK,FLL
2013,5,16,1656.0,1629,2037.0,1948,2565,EWR,SFO
2013,7,25,1723.0,1500,2005.0,1724,641,LGA,CHS
2013,2,24,1759.0,1810,2132.0,2130,1096,LGA,MIA
2013,3,10,556.0,600,801.0,805,963,LGA,MEM
2013,6,11,1949.0,1959,2120.0,2140,335,LGA,PIT
2013,6,26,2026.0,1930,2326.0,2248,1990,JFK,SLC
2013,3,24,824.0,810,1036.0,1033,636,JFK,CHS
2013,11,25,1652.0,1700,1826.0,1819,214,LGA,DCA
2013,11,21,1944.0,1945,2115.0,2130,427,JFK,RDU
2013,3,2,1951.0,2000,2146.0,2235,762,LGA,ATL
2013,6,13,1031.0,1000,1306.0,1119,214,LGA,DCA
2013,3,20,1200.0,1200,1310.0,1339,733,LGA,ORD
2013,3,3,942.0,945,1111.0,1130,733,LGA,ORD
2013,2,25,954.0,1000,1134.0,1138,733,LGA,ORD
2013,4,3,1613.0,1600,1932.0,1925,1096,LGA,MIA
2013,11,26,1130.0,1135,1425.0,1439,1010,LGA,TPA
2013,4,29,1512.0,1500,1741.0,1800,1372,EWR,DFW
2013,5,7,1129.0,1135,1323.0,1340,1020,LGA,MSP
2013,3,17,828.0,830,1055.0,1108,760,JFK,ATL
2013,6,28,1555.0,1454,1756.0,1710,544,LGA,CLT
2013,7,16,2142.0,2145,2305.0,2316,187,JFK,BOS
2013,8,24,639.0,640,1103.0,1040,1598,JFK,SJU
2013,12,21,1256.0,1300,1416.0,1408,200,EWR,BOS
2013,3,5,653.0,700,945.0,1011,1068,EWR,RSW
2013,11,9,852.0,900,955.0,1023,214,LGA,DCA
2013,6,17,1528.0,1429,1820.0,1659,762,LGA,ATL
2013,3,1,,1520,,1654,228,JFK,IAD
2013,3,29,1743.0,1700,2002.0,1924,746,EWR,ATL
2013,12,19,924.0,856,1205.0,1202,2227,EWR,LAS
2013,12,24,843.0,840,1127.0,1205,2402,EWR,SEA
2013,7,15,512.0,515,649.0,725,1605,EWR,DEN
2013,2,1,901.0,905,1230.0,1235,2475,JFK,LAX
2013,2,21,855.0,900,1214.0,1213,1400,EWR,IAH
2013,8,30,922.0,930,1145.0,1218,950,LGA,MCO
2013,2,23,909.0,906,1202.0,1158,1795,EWR,MTJ
2013,2,27,122.0,2250,227.0,5,264,JFK,ROC
2013,12,17,837.0,815,1057.0,1035,1029,JFK,MSP
2013,1,12,948.0,1000,1218.0,1251,1726,EWR,EGE
2013,9,8,1601.0,1600,1900.0,1905,1389,LGA,DFW
2013,12,11,1810.0,1815,2136.0,2157,2475,JFK,LAX
2013,10,6,1252.0,1251,1400.0,1411,212,EWR,IAD
2013,9,1,1425.0,1425,1729.0,1650,762,LGA,ATL
2013,5,8,1056.0,1030,1404.0,1344,2565,EWR,SFO
2013,12,19,953.0,945,1150.0,1202,529,EWR,CLT
2013,7,2,1649.0,1550,1909.0,1749,740,JFK,ORD
2013,8,16,1256.0,1255,1543.0,1545,937,EWR,MCO
2013,7,1,1812.0,1629,2106.0,1927,1035,LGA,PBI
2013,8,31,1204.0,1200,1437.0,1457,1035,LGA,PBI
2013,1,7,1811.0,1640,2032.0,1850,502,LGA,DTW
2013,1,21,1937.0,1910,2118.0,2055,431,LGA,RDU
2013,6,3,721.0,722,1008.0,1008,1416,LGA,IAH
2013,3,28,1644.0,1645,1829.0,1850,963,LGA,MEM
2013,10,7,604.0,610,719.0,724,212,EWR,IAD
2013,10,14,755.0,757,1044.0,1024,1605,EWR,DEN
2013,1,11,624.0,630,919.0,927,1005,JFK,TPA
2013,1,22,1412.0,1359,1527.0,1517,228,JFK,IAD
2013,5,7,1859.0,1900,2149.0,2251,2586,JFK,SFO
2013,4,26,1124.0,1125,1421.0,1421,1069,JFK,FLL
2013,5,18,536.0,540,820.0,840,1089,JFK,MIA
2013,10,1,955.0,1000,1052.0,1114,200,EWR,BOS
2013,4,2,2355.0,2359,346.0,339,1576,JFK,BQN
2013,8,11,1915.0,1904,2124.0,2107,529,EWR,CLT
2013,11,30,1659.0,1706,1810.0,1818,200,EWR,BOS
2013,3,23,833.0,830,1149.0,1128,1882,EWR,BZN
2013,12,7,2014.0,2015,2305.0,2317,1400,EWR,IAH
2013,9,10,1815.0,1815,2009.0,2013,1020,LGA,MSP
2013,9,25,1402.0,1410,1647.0,1635,762,LGA,ATL
2013,5,31,1523.0,1455,1644.0,1638,301,JFK,BUF
2013,8,27,1801.0,1800,1916.0,1920,711,EWR,MDW
2013,11,2,1250.0,1300,1408.0,1413,214,LGA,DCA
2013,5,27,1842.0,1855,2053.0,2050,1020,LGA,MSP
2013,12,7,1536.0,1548,1806.0,1816,762,LGA,ATL
2013,7,19,653.0,655,1041.0,1101,1598,JFK,SJU
2013,12,13,1521.0,1515,1850.0,1838,2422,JFK,SEA
2013,6,17,1732.0,1720,1957.0,1948,1605,EWR,DEN
2013,8,7,1655.0,1459,1956.0,1737,762,LGA,ATL
2013,2,18,1454.0,1455,1625.0,1637,301,JFK,BUF
2013,7,1,654.0,700,823.0,807,214,LGA,DCA
2013,12,13,937.0,930,1514.0,1527,4963,EWR,HNL
2013,3,28,927.0,918,1028.0,1025,187,JFK,BOS
2013,1,16,1444.0,1320,1648.0,1508,872,EWR,STL
2013,7,4,854.0,900,1120.0,1120,1092,EWR,MCI
2013,12,25,2144.0,2145,27.0,19,937,EWR,MCO
2013,7,14,1342.0,1348,1451.0,1509,273,JFK,PWM
2013,3,17,1250.0,1115,1545.0,1416,1010,LGA,TPA
2013,1,6,2002.0,2000,2224.0,2208,631,EWR,TYS
2013,9,9,1833.0,1842,1950.0,2019,764,LGA,BNA
2013,7,7,2139.0,2124,2256.0,2245,209,EWR,MHT
2013,12,15,2017.0,1900,2133.0,2035,733,LGA,ORD
2013,11,27,946.0,949,1251.0,1237,944,JFK,MCO
2013,8,22,1523.0,1441,1844.0,1755,1076,LGA,FLL
2013,10,2,1454.0,1459,1743.0,1756,2248,JFK,LAS
2013,4,10,1532.0,1540,1642.0,1650,96,LGA,PHL
2013,6,3,2143.0,1930,2320.0,2139,427,JFK,RDU
2013,2,8,604.0,610,859.0,915,1096,LGA,MIA
2013,8,11,2220.0,2225,2320.0,2330,195,LGA,MHT
2013,6,22,200.0,2359,535.0,350,1617,JFK,PSE
2013,7,29,1705.0,1650,1852.0,1859,963,LGA,MEM
2013,6,16,723.0,730,1027.0,1034,2422,JFK,SEA
2013,12,30,1925.0,1930,2232.0,2236,950,LGA,MCO
2013,6,14,1741.0,1735,2106.0,2108,2422,JFK,SEA
2013,1,3,556.0,600,852.0,837,762,LGA,ATL
2013,10,2,756.0,800,916.0,929,719,EWR,ORD
2013,12,19,930.0,929,1044.0,1045,200,EWR,BOS
2013,9,17,847.0,850,1102.0,1108,1605,EWR,DEN
2013,2,3,2035.0,2029,2250.0,2233,1008,EWR,MSP
2013,7,3,810.0,755,1029.0,950,544,LGA,CLT
2013,9,19,926.0,929,1204.0,1234,1065,EWR,FLL
2013,4,18,810.0,815,1138.0,1045,1620,LGA,DEN
2013,10,27,1657.0,1700,1932.0,1945,2248,JFK,LAS
2013,10,6,1110.0,1113,1303.0,1332,1620,LGA,DEN
2013,3,28,626.0,630,753.0,810,416,EWR,RDU
2013,7,8,1747.0,1617,2034.0,1811,533,EWR,DAY
2013,1,4,1328.0,1330,1606.0,1641,2465,JFK,BUR
2013,4,16,1154.0,1200,1339.0,1354,541,JFK,CLT
2013,10,30,950.0,1000,1130.0,1131,397,LGA,CAK
2013,8,30,1800.0,1800,2045.0,2130,2586,JFK,SFO
2013,6,15,1946.0,1930,2221.0,2238,1076,LGA,FLL
2013,1,28,850.0,855,1057.0,1104,509,JFK,DTW
2013,12,25,1920.0,1921,2307.0,2246,1990,JFK,SLC
2013,2,15,958.0,1000,1201.0,1209,544,LGA,CLT
2013,10,19,600.0,600,903.0,858,1076,LGA,FLL
2013,11,22,2106.0,1900,2239.0,2035,733,LGA,ORD
2013,3,7,1734.0,1648,1851.0,1806,246,EWR,ROC
2013,3,29,1559.0,1600,1844.0,1900,1065,EWR,FLL
2013,10,16,1055.0,1055,1338.0,1356,1990,JFK,SLC
2013,8,27,1926.0,1900,2053.0,2030,214,LGA,DCA
2013,2,9,,1450,,1631,301,JFK,BUF
2013,1,8,855.0,859,1134.0,1145,762,LGA,ATL
2013,1,22,652.0,700,821.0,850,733,LGA,ORD
2013,11,16,1338.0,1340,1637.0,1645,1076,LGA,FLL
2013,5,4,1630.0,1635,1818.0,1835,488,EWR,DTW
2013,12,18,1710.0,1700,2004.0,2020,1085,EWR,MIA
2013,11,18,1923.0,1930,2239.0,2249,1587,JFK,SAT
2013,2,21,649.0,700,745.0,807,184,LGA,BOS
2013,10,11,818.0,829,1031.0,1029,502,LGA,DTW
2013,12,2,813.0,815,1050.0,1123,1428,JFK,HOU
2013,9,14,1057.0,1059,1310.0,1330,820,EWR,JAX
2013,3,5,1834.0,1730,2131.0,2050,1089,JFK,MIA
2013,12,16,1448.0,1441,1707.0,1712,746,EWR,ATL
2013,3,8,,930,,1200,659,LGA,SDF
2013,10,30,919.0,920,1241.0,1235,2475,JFK,LAX
2013,6,3,1915.0,1859,2126.0,2134,1113,JFK,MCI
2013,3,30,947.0,950,1231.0,1254,1069,JFK,FLL
2013,5,23,1742.0,1726,2049.0,2027,2227,EWR,LAS
2013,8,8,1518.0,1520,1848.0,1805,2248,JFK,LAS
2013,5,6,2120.0,2058,2227.0,2218,200,EWR,BOS
2013,6,27,1613.0,1615,1839.0,1831,1020,LGA,MSP
2013,11,20,1654.0,1700,1858.0,1913,569,EWR,CVG
2013,7,11,737.0,740,1039.0,1055,2586,JFK,SFO
2013,10,14,619.0,620,731.0,740,725,LGA,MDW
2013,11,14,1802.0,1810,2051.0,2129,2465,JFK,LGB
2013,10,26,1553.0,1530,1803.0,1750,746,EWR,ATL
2013,5,19,1759.0,1630,2100.0,1920,1626,JFK,DEN
2013,8,28,2055.0,1910,2307.0,2210,1389,LGA,DFW
2013,2,10,,1915,,2111,740,JFK,ORD
2013,6,7,856.0,900,1222.0,1219,1096,LGA,MIA
2013,2,9,,1145,,1335,419,LGA,CLE
2013,1,20,1557.0,1600,1850.0,1914,1035,LGA,PBI
2013,6,12,604.0,605,712.0,720,711,EWR,MDW
2013,8,7,1712.0,1710,1928.0,1932,2133,EWR,PHX
2013,1,9,1232.0,1240,1438.0,1445,502,LGA,DTW
2013,1,14,2045.0,2055,2249.0,2250,502,LGA,DTW
2013,3,11,1259.0,1245,1612.0,1545,1411,EWR,HOU
2013,9,7,1122.0,1129,1310.0,1400,2248,JFK,LAS
2013,7,25,1645.0,1650,1847.0,1859,963,LGA,MEM
2013,1,5,1831.0,1836,1952.0,2010,301,JFK,BUF
2013,4,29,829.0,829,1012.0,1024,479,LGA,CMH
2013,8,26,1207.0,1159,1515.0,1510,2565,EWR,SFO
2013,7,11,1455.0,1448,1720.0,1745,2425,EWR,SAN
2013,9,5,1451.0,1450,1740.0,1755,1065,EWR,FLL
2013,10,12,709.0,710,1009.0,1025,1089,JFK,MIA
2013,9,27,759.0,805,1040.0,1101,1010,LGA,TPA
2013,11,30,1038.0,1040,1331.0,1355,1096,LGA,MIA
2013,7,8,1832.0,1455,2103.0,1715,509,JFK,DTW
2013,12,11,1130.0,1130,1329.0,1342,1020,LGA,MSP
2013,10,9,914.0,930,1056.0,1103,288,JFK,RIC
2013,10,3,1753.0,1800,1913.0,1915,214,LGA,DCA
2013,7,1,2210.0,2129,2300.0,2235,116,EWR,BDL
2013,2,17,1648.0,1630,2013.0,2015,2586,JFK,SFO
2013,12,24,1138.0,1137,1445.0,1443,1400,EWR,IAH
2013,6,16,1620.0,1630,1822.0,1845,502,LGA,DTW
2013,7,1,1610.0,1545,1720.0,1710,719,EWR,ORD
2013,2,2,746.0,740,1039.0,1045,1400,EWR,IAH
2013,9,20,1937.0,1645,2310.0,2015,2586,JFK,SFO
2013,5,24,1806.0,1710,1953.0,1915,740,JFK,ORD
2013,12,29,2046.0,2021,43.0,2357,2586,JFK,SFO
2013,2,9,,2125,,2240,213,JFK,DCA
2013,5,6,1814.0,1659,2006.0,1906,569,EWR,CVG
2013,9,20,1812.0,1815,1928.0,1947,738,LGA,MKE
2013,5,12,1743.0,1730,2027.0,2017,937,EWR,MCO
2013,5,19,1846.0,1700,2028.0,1832,273,JFK,PWM
2013,11,14,539.0,545,833.0,855,1089,JFK,MIA
2013,12,5,2001.0,1900,2128.0,2043,719,EWR,ORD
2013,11,25,,730,,1040,1372,EWR,DFW
2013,8,13,939.0,940,1101.0,1110,725,LGA,MDW
2013,6,1,1858.0,1850,2045.0,2046,340,JFK,PIT
2013,1,18,1413.0,1420,1621.0,1620,1020,LGA,MSP
2013,3,17,1501.0,1510,1715.0,1659,872,EWR,STL
2013,4,21,1215.0,1215,1347.0,1350,872,EWR,STL
2013,3,27,603.0,610,908.0,941,2565,EWR,SFO
2013,10,2,2015.0,2003,2239.0,2237,1325,EWR,OKC
2013,9,23,1335.0,1340,1512.0,1459,301,JFK,BUF
2013,2,22,,600,,801,488,EWR,DTW
2013,11,27,1312.0,1300,1545.0,1605,1372,EWR,DFW
2013,3,8,1216.0,1200,1433.0,1315,213,JFK,DCA
2013,8,11,1719.0,1705,2015.0,2004,2446,JFK,SAN
2013,11,30,1250.0,1300,1354.0,1413,214,LGA,DCA
2013,5,18,624.0,630,748.0,803,416,EWR,RDU
2013,9,30,1510.0,1510,1720.0,1735,665,JFK,IND
2013,7,21,641.0,645,841.0,845,1182,JFK,MSY
2013,11,6,823.0,830,1005.0,1024,427,JFK,RDU
2013,7,28,1356.0,1359,1732.0,1724,2586,JFK,SFO
2013,3,23,1347.0,1356,1449.0,1506,209,EWR,MHT
2013,8,9,2226.0,2057,116.0,2359,997,EWR,TPA
2013,1,30,1603.0,1600,1707.0,1712,184,LGA,BOS
2013,1,10,2145.0,2135,45.0,50,2475,JFK,LAX
2013,11,18,2054.0,2100,2341.0,2329,1182,JFK,MSY
2013,2,27,608.0,610,921.0,915,1096,LGA,MIA
2013,7,17,724.0,724,1006.0,1003,937,EWR,MCO
2013,10,14,1258.0,1300,1623.0,1610,2475,JFK,LAX
2013,1,14,929.0,935,1238.0,1235,2248,JFK,LAS
2013,6,17,657.0,700,934.0,947,950,LGA,MCO
2013,3,29,2048.0,2040,2139.0,2148,187,JFK,BOS
2013,5,17,1959.0,2000,2251.0,2237,762,LGA,ATL
2013,6,19,2022.0,2000,2151.0,2152,740,JFK,ORD
2013,7,29,1812.0,1800,1938.0,2002,404,EWR,CLE
2013,9,4,1347.0,1352,1452.0,1453,209,EWR,MHT
2013,4,11,1237.0,1245,1500.0,1513,2133,EWR,PHX
2013,6,22,1352.0,1400,1508.0,1540,378,LGA,BGR
2013,11,11,842.0,850,1027.0,1045,479,LGA,CMH
2013,10,23,1459.0,1500,1805.0,1748,997,EWR,TPA
2013,11,12,1657.0,1705,1848.0,1902,946,EWR,MEM
2013,8,2,1339.0,1346,1429.0,1458,173,JFK,MVY
2013,3,19,2122.0,2125,2243.0,2250,764,LGA,BNA
2013,10,4,1706.0,1709,1826.0,1828,200,EWR,BOS
2013,9,30,1815.0,1803,2113.0,2117,2454,EWR,LAX
2013,6,17,1452.0,1456,1814.0,1724,2227,EWR,LAS
2013,5,16,1451.0,1459,1622.0,1635,228,JFK,IAD
2013,8,24,1156.0,930,1441.0,1225,1068,EWR,RSW
2013,10,10,625.0,630,844.0,840,544,LGA,CLT
2013,7,31,900.0,905,1009.0,1016,266,JFK,BTV
2013,6,12,1342.0,1345,1618.0,1635,1389,LGA,DFW
2013,6,10,1400.0,1245,1622.0,1512,746,EWR,ATL
2013,9,26,651.0,629,927.0,929,1085,EWR,MIA
2013,6,23,1254.0,1259,1439.0,1457,544,LGA,CLT
2013,11,5,1652.0,1700,1947.0,2007,1416,LGA,IAH
2013,9,4,1327.0,1329,1444.0,1444,719,EWR,ORD
2013,8,29,2248.0,2245,4.0,3,264,JFK,ROC
2013,9,30,854.0,900,1023.0,1025,214,LGA,DCA
2013,3,10,1026.0,1028,1315.0,1342,1068,EWR,RSW
2013,9,19,2245.0,2255,2353.0,2358,187,JFK,BOS
2013,6,25,103.0,2359,431.0,344,1598,JFK,SJU
2013,8,21,1227.0,1229,1341.0,1342,284,EWR,ORF
2013,7,13,1150.0,1155,1339.0,1332,416,EWR,RDU
2013,10,18,1010.0,951,1226.0,1207,1605,EWR,DEN
2013,1,26,1143.0,1145,1445.0,1508,1096,LGA,MIA
2013,5,1,922.0,925,1125.0,1134,645,EWR,IND
2013,1,31,719.0,720,1041.0,1023,1023,EWR,PBI
2013,11,27,620.0,625,743.0,759,748,EWR,BNA
2013,1,10,1902.0,1900,2135.0,2134,762,LGA,ATL
2013,3,28,913.0,914,1153.0,1210,1028,JFK,PBI
2013,11,16,1623.0,1625,1738.0,1753,187,JFK,BOS
2013,7,29,1355.0,1400,1543.0,1512,214,LGA,DCA
2013,1,25,1930.0,1935,2254.0,2240,1389,LGA,DFW
2013,3,14,818.0,816,1004.0,1013,946,EWR,MEM
2013,9,25,1226.0,1200,1403.0,1354,541,JFK,CLT
2013,8,29,805.0,730,1037.0,1010,944,JFK,MCO
2013,11,10,1300.0,1300,1421.0,1438,733,LGA,ORD
2013,3,24,1002.0,830,1226.0,1053,641,LGA,CHS
2013,12,9,850.0,845,1112.0,1106,645,EWR,IND
2013,3,20,703.0,630,941.0,905,746,EWR,ATL
2013,9,22,812.0,815,1004.0,1040,1620,LGA,DEN
2013,10,30,1001.0,1000,1339.0,1321,2565,EWR,SFO
2013,9,4,809.0,817,956.0,1023,509,JFK,DTW
2013,3,28,1954.0,2000,2059.0,2139,733,LGA,ORD
2013,5,19,947.0,950,1205.0,1235,2248,JFK,LAS
2013,6,4,1406.0,1355,1554.0,1554,569,EWR,CVG
2013,10,25,2229.0,1935,111.0,2250,1096,LGA,MIA
2013,9,20,1423.0,1423,1658.0,1709,1400,EWR,IAH
2013,3,28,2013.0,1929,2235.0,2157,1167,EWR,MSY
2013,1,12,1812.0,1330,2047.0,1617,937,EWR,MCO
2013,7,26,852.0,830,1105.0,1028,488,EWR,DTW
2013,4,4,856.0,859,1213.0,1215,1416,LGA,IAH
2013,5,26,1805.0,1745,1933.0,1940,872,EWR,STL
2013,3,28,1009.0,1001,1122.0,1129,748,EWR,BNA
2013,10,4,747.0,747,1126.0,1139,1608,EWR,SJU
2013,10,27,1436.0,1445,1723.0,1757,1076,LGA,FLL
2013,1,25,2143.0,2045,2318.0,2225,733,LGA,ORD
2013,7,19,1557.0,1555,1808.0,1806,1167,EWR,MSY
2013,2,21,720.0,720,918.0,928,502,LGA,DTW
2013,9,8,1808.0,1805,2057.0,2058,1023,EWR,PBI
2013,2,25,2133.0,2135,2225.0,2244,200,EWR,BOS
2013,1,12,2020.0,2029,2107.0,2139,94,JFK,PHL
2013,5,17,952.0,955,1147.0,1140,733,LGA,ORD
2013,3,7,929.0,929,1235.0,1222,1725,EWR,EGE
2013,6,17,1203.0,1115,1503.0,1400,1389,LGA,DFW
2013,11,24,1856.0,1849,2229.0,2209,2422,JFK,SEA
2013,8,2,1728.0,1735,2034.0,2030,1417,JFK,IAH
2013,12,4,836.0,845,1035.0,1053,544,LGA,CLT
2013,9,11,923.0,929,1155.0,1234,1372,EWR,DFW
2013,6,6,1413.0,1310,1647.0,1532,762,LGA,ATL
2013,2,7,1555.0,1600,1656.0,1732,187,JFK,BOS
2013,7,30,1245.0,1240,1536.0,1545,1085,EWR,MIA
2013,10,19,1623.0,1630,1915.0,1940,2475,JFK,LAX
2013,7,28,854.0,900,1139.0,1142,2446,JFK,SAN
2013,3,17,1049.0,1056,1317.0,1328,1620,LGA,DEN
2013,7,20,1554.0,1555,1742.0,1744,740,JFK,ORD
2013,12,14,,1830,,2140,1068,EWR,RSW
2013,1,5,1149.0,1152,1417.0,1424,820,EWR,JAX
2013,10,17,1837.0,1834,2222.0,2135,1391,JFK,DFW
2013,10,9,1325.0,1320,1618.0,1625,1065,EWR,FLL
2013,5,26,1611.0,1615,1823.0,1840,762,LGA,ATL
2013,9,26,634.0,639,900.0,925,937,EWR,MCO
2013,11,27,1611.0,1544,1851.0,1750,544,LGA,CLT
2013,9,29,705.0,715,815.0,829,200,EWR,BOS
2013,9,4,1433.0,1430,1700.0,1734,2454,EWR,LAX
2013,6,25,2316.0,2245,234.0,135,2475,JFK,LAX
2013,3,12,725.0,730,840.0,843,209,JFK,SYR
2013,3,5,2128.0,2138,25.0,29,1076,LGA,FLL
2013,2,6,1432.0,1435,1543.0,1559,229,LGA,IAD
2013,2,8,,1630,,1838,502,LGA,DTW
2013,9,1,2019.0,2005,2147.0,2130,719,EWR,ORD
2013,10,12,1739.0,1629,2018.0,1919,1400,EWR,IAH
2013,8,5,2206.0,1915,38.0,2230,2475,JFK,LAX
2013,3,31,1041.0,1051,1136.0,1214,282,EWR,BUF
2013,12,6,1249.0,1200,1644.0,1510,2475,JFK,LAX
2013,4,3,716.0,725,1020.0,1030,2402,EWR,SEA
2013,7,12,2017.0,1955,2221.0,2217,655,LGA,TVC
2013,9,3,933.0,935,1158.0,1240,1504,EWR,AUS
2013,7,27,758.0,802,1008.0,1012,1167,EWR,MSY
2013,9,7,1158.0,1200,1417.0,1451,2475,JFK,LAX
2013,12,26,1348.0,1325,1630.0,1648,2454,EWR,LAX
2013,10,29,855.0,900,1216.0,1211,2475,JFK,LAX
2013,4,4,1719.0,1725,1842.0,1835,199,EWR,DCA
2013,7,21,942.0,950,1206.0,1220,2248,JFK,LAS
2013,10,12,1828.0,1829,2102.0,2111,2248,JFK,LAS
2013,7,22,1200.0,1117,1521.0,1335,1620,LGA,DEN
2013,4,26,2118.0,2038,107.0,36,1585,EWR,BQN
2013,3,26,1600.0,1553,1806.0,1808,642,EWR,SDF
2013,7,16,857.0,900,1020.0,1035,733,LGA,ORD
2013,6,25,1.0,2130,249.0,14,1076,LGA,FLL
2013,8,16,1959.0,2000,2242.0,2310,1005,JFK,TPA
2013,2,15,1559.0,1600,1826.0,1850,1626,JFK,DEN
2013,7,25,1154.0,1155,1306.0,1323,258,LGA,BTV
2013,9,11,1253.0,1300,1511.0,1550,1389,LGA,DFW
2013,5,22,630.0,643,825.0,849,569,EWR,CVG
2013,4,19,1255.0,1300,1540.0,1556,950,LGA,MCO
2013,9,16,1542.0,1545,1937.0,1939,1598,JFK,SJU
2013,1,22,1417.0,1420,1544.0,1550,719,EWR,ORD
2013,8,27,726.0,730,935.0,930,502,LGA,DTW
2013,6,21,1840.0,1830,2041.0,2101,665,JFK,IND
2013,7,13,654.0,655,1033.0,1058,1598,JFK,SJU
2013,2,8,1537.0,1535,1852.0,1850,1389,LGA,DFW
2013,5,6,1310.0,1309,1408.0,1414,199,EWR,DCA
2013,2,3,,1200,,1315,213,JFK,DCA
2013,4,1,1926.0,1855,2257.0,2221,1569,EWR,SAT
2013,6,19,741.0,730,1050.0,1045,2565,EWR,SFO
2013,11,9,954.0,959,1221.0,1245,2227,EWR,LAS
2013,10,10,642.0,645,932.0,937,1028,JFK,PBI
2013,7,18,839.0,815,1108.0,1110,1005,JFK,TPA
2013,8,30,1830.0,1805,2040.0,2033,1605,EWR,DEN
2013,12,26,1906.0,1855,2209.0,2220,1096,LGA,MIA
2013,9,12,525.0,530,736.0,810,1400,EWR,IAH
2013,10,9,1442.0,1445,1738.0,1758,2475,JFK,LAX
2013,11,25,555.0,600,815.0,810,569,EWR,CVG
2013,9,21,1323.0,1325,1608.0,1611,1400,EWR,IAH
2013,2,12,1424.0,1430,1803.0,1735,1372,EWR,DFW
2013,4,26,2139.0,2100,2358.0,2338,950,LGA,MCO
2013,6,16,556.0,600,746.0,751,488,EWR,DTW
2013,2,28,822.0,835,1109.0,1134,937,EWR,MCO
2013,9,1,1356.0,1359,1611.0,1629,762,LGA,ATL
2013,3,4,840.0,845,1044.0,1057,544,LGA,CLT
2013,7,21,750.0,752,1035.0,1041,1041,JFK,SRQ
2013,3,19,1626.0,1625,1916.0,1855,762,LGA,ATL
2013,6,24,1338.0,1340,1723.0,1700,1096,LGA,MIA
2013,10,14,1758.0,1803,2029.0,2056,1023,EWR,PBI
2013,8,29,1935.0,1940,2145.0,2125,427,JFK,RDU
2013,6,28,820.0,805,1056.0,1055,1010,LGA,TPA
2013,2,12,650.0,700,745.0,807,184,LGA,BOS
2013,3,8,,1329,,1526,946,EWR,MEM
2013,9,15,1714.0,1700,1900.0,1855,740,JFK,ORD
2013,4,30,1025.0,1029,1221.0,1248,963,LGA,MEM
2013,2,27,1937.0,1900,2058.0,2012,184,LGA,BOS
2013,7,1,1140.0,1025,1333.0,1225,502,LGA,DTW
2013,9,9,1555.0,1559,1823.0,1853,937,EWR,MCO
2013,5,23,,1521,,1705,872,EWR,STL
2013,5,31,1539.0,1440,1719.0,1630,479,LGA,CMH
2013,10,22,1954.0,1930,2107.0,2056,725,EWR,MKE
2013,2,12,822.0,819,1251.0,1306,1598,JFK,SJU
2013,4,13,1649.0,1700,1752.0,1814,200,EWR,BOS
2013,5,3,1651.0,1530,1845.0,1804,665,JFK,IND
2013,4,20,804.0,805,928.0,931,319,EWR,PIT
2013,9,12,1557.0,1520,,1740,1147,LGA,XNA
2013,6,20,830.0,830,946.0,1010,740,JFK,ORD
2013,5,22,823.0,825,1015.0,1023,541,JFK,CLT
2013,7,28,1648.0,1615,1946.0,1831,1020,LGA,MSP
2013,7,25,2305.0,1940,51.0,2142,631,EWR,TYS
2013,7,26,823.0,829,1018.0,1028,1008,EWR,MSP
2013,12,11,2030.0,2030,2335.0,2338,1085,EWR,MIA
2013,11,15,1012.0,840,1152.0,1020,431,LGA,RDU
2013,3,31,1355.0,1400,1506.0,1535,719,EWR,ORD
2013,5,14,2054.0,1908,2224.0,2053,719,EWR,ORD
2013,3,12,1424.0,1355,1533.0,1520,725,LGA,MDW
2013,11,6,1154.0,1159,1449.0,1514,1096,LGA,MIA
2013,2,6,818.0,759,1037.0,1010,1008,EWR,MSP
2013,7,8,1202.0,1200,1406.0,1351,541,JFK,CLT
2013,5,6,1710.0,1706,1847.0,1907,1008,EWR,MSP
2013,9,6,1933.0,1930,2045.0,2050,228,JFK,IAD
2013,9,13,1613.0,1528,1816.0,1737,1092,EWR,MCI
2013,12,28,2135.0,2145,12.0,19,937,EWR,MCO
2013,2,26,651.0,700,1025.0,1015,1096,LGA,MIA
2013,5,31,1229.0,1159,1439.0,1427,820,EWR,JAX
2013,1,19,653.0,655,906.0,927,1182,JFK,MSY
2013,5,12,2123.0,2040,2251.0,2200,213,JFK,DCA
2013,5,16,1638.0,1640,1903.0,1845,502,LGA,DTW
2013,5,3,1632.0,1635,1935.0,1954,1069,JFK,FLL
2013,11,27,1445.0,1450,1601.0,1616,184,JFK,BWI
2013,9,16,1929.0,1930,2232.0,2231,1010,LGA,TPA
2013,1,7,1640.0,1630,1952.0,2020,2586,JFK,SFO
2013,2,9,1512.0,1500,1628.0,1630,738,LGA,MKE
2013,4,24,2112.0,2055,2225.0,2215,719,EWR,ORD
2013,1,7,1908.0,1910,2209.0,2215,1372,EWR,DFW
2013,7,28,1457.0,1440,1735.0,1647,1182,JFK,MSY
2013,6,23,622.0,611,1111.0,954,1598,JFK,SJU
2013,5,15,1600.0,1600,1829.0,1837,762,LGA,ATL
2013,12,7,,1815,,2126,1391,JFK,DFW
2013,6,9,1655.0,1700,1756.0,1823,214,LGA,DCA
2013,12,6,1634.0,1604,1842.0,1828,509,JFK,DTW
2013,12,21,1527.0,1459,1643.0,1639,213,JFK,DCA
2013,10,5,1214.0,1215,1504.0,1510,1389,LGA,DFW
2013,11,12,657.0,700,942.0,1023,2475,JFK,LAX
2013,11,25,1027.0,1030,1319.0,1324,1005,JFK,TPA
2013,11,25,1526.0,1530,1850.0,1901,2475,JFK,LAX
2013,1,9,2100.0,2005,2254.0,2204,594,EWR,GSP
2013,1,5,2054.0,2035,114.0,126,1585,EWR,BQN
2013,12,20,1433.0,1430,1631.0,1641,1008,EWR,MSP
2013,4,2,626.0,630,722.0,750,200,EWR,BOS
2013,4,13,1245.0,1250,1552.0,1548,1069,JFK,FLL
2013,10,28,1347.0,1343,1514.0,1514,719,EWR,ORD
2013,11,26,1205.0,1215,1457.0,1531,2434,EWR,SNA
2013,5,3,1908.0,1805,2030.0,1936,748,EWR,BNA
2013,11,5,548.0,600,643.0,701,184,LGA,BOS
2013,11,1,654.0,700,,1015,2475,JFK,LAX
2013,10,23,810.0,800,1117.0,1117,1089,JFK,MIA
2013,10,8,628.0,630,816.0,840,544,LGA,CLT
2013,12,23,1849.0,1820,2209.0,2145,2454,EWR,LAX
2013,9,18,653.0,700,749.0,806,184,LGA,BOS
2013,2,25,1924.0,1930,2028.0,2054,229,LGA,IAD
2013,9,3,623.0,630,838.0,847,2248,JFK,LAS
2013,5,12,1848.0,1855,2013.0,2041,378,LGA,BGR
2013,6,26,1053.0,1100,1216.0,1213,214,LGA,DCA
2013,2,23,850.0,855,1236.0,1214,1521,JFK,AUS
2013,5,1,1606.0,1608,1743.0,1815,427,JFK,RDU
2013,6,13,2349.0,2122,141.0,2315,529,EWR,CLT
2013,12,10,,1805,,2007,488,EWR,DTW
2013,9,11,1657.0,1700,2007.0,2018,2475,JFK,LAX
2013,7,22,2237.0,1930,144.0,2239,1076,LGA,FLL
2013,4,3,1607.0,1600,1718.0,1720,214,LGA,DCA
2013,11,8,1202.0,1205,1435.0,1452,833,LGA,JAX
2013,8,4,1907.0,1915,2117.0,2131,544,LGA,CLT
2013,4,1,923.0,925,1050.0,1047,301,JFK,BUF
2013,9,26,1659.0,1705,1807.0,1828,273,JFK,PWM
2013,10,6,1400.0,1400,1619.0,1635,762,LGA,ATL
2013,3,28,1326.0,1232,1516.0,1429,529,EWR,CLT
2013,12,12,1739.0,1706,1935.0,1911,946,EWR,MEM
2013,5,2,1357.0,1355,1616.0,1604,708,EWR,SAV
2013,1,31,1011.0,900,1320.0,1227,2475,JFK,LAX
2013,7,24,1859.0,1835,2027.0,2010,419,LGA,CLE
2013,6,28,1539.0,1325,1705.0,1500,431,LGA,RDU
2013,12,30,1350.0,1344,1656.0,1646,1085,EWR,MIA
2013,3,19,1324.0,1329,1507.0,1533,1008,EWR,MSP
2013,4,25,1617.0,1600,1829.0,1719,184,LGA,BOS
2013,1,30,1513.0,1500,1702.0,1653,529,EWR,CLT
2013,1,2,607.0,610,859.0,910,1085,EWR,MIA
2013,10,9,1716.0,1700,1831.0,1855,740,JFK,ORD
2013,5,23,700.0,700,1002.0,1015,2475,JFK,LAX
2013,4,30,855.0,900,1217.0,1216,1096,LGA,MIA
2013,6,3,1055.0,1055,1340.0,1403,1990,JFK,SLC
2013,2,28,1856.0,1903,2004.0,2016,284,EWR,PWM
2013,12,23,,1915,,2122,340,JFK,PIT
2013,9,25,1020.0,1020,1302.0,1310,1005,JFK,TPA
2013,11,16,1213.0,1215,1316.0,1333,282,EWR,BUF
2013,9,14,1309.0,1310,1519.0,1535,762,LGA,ATL
2013,1,27,1901.0,1859,2245.0,2247,2153,JFK,PHX
2013,9,9,924.0,923,1210.0,1229,2402,EWR,SEA
2013,9,12,1145.0,1118,1447.0,1342,1620,LGA,DEN
2013,7,28,1325.0,1330,1723.0,1625,1065,EWR,FLL
2013,1,6,1859.0,1859,2203.0,2155,944,JFK,MCO
2013,5,9,748.0,755,954.0,1004,569,EWR,CVG
2013,4,22,1253.0,1300,1557.0,1615,2454,EWR,LAX
2013,9,16,1022.0,1015,1136.0,1139,748,EWR,BNA
2013,3,17,1657.0,1700,1934.0,1933,762,LGA,ATL
2013,4,20,1239.0,1245,1338.0,1350,187,JFK,BOS
2013,9,14,1923.0,1926,2247.0,2246,2565,EWR,SFO
2013,3,11,556.0,600,828.0,830,762,LGA,ATL
2013,3,19,1333.0,1252,1500.0,1420,748,EWR,BNA
2013,11,3,1731.0,1735,2029.0,2055,1089,JFK,MIA
2013,3,13,1110.0,1115,1229.0,1255,764,LGA,BNA
2013,1,21,835.0,840,1144.0,1204,1068,EWR,RSW
2013,5,2,2059.0,2045,2301.0,2313,1182,JFK,MSY
2013,6,8,912.0,918,1150.0,1204,944,JFK,MCO
2013,1,23,2151.0,2159,2258.0,2315,266,EWR,BTV
2013,5,6,1548.0,1452,1747.0,1709,1182,JFK,MSY
2013,3,24,1523.0,1530,1710.0,1725,483,JFK,CMH
2013,9,22,1358.0,1359,1658.0,1703,2465,JFK,LGB
2013,3,13,1307.0,1315,1500.0,1520,502,LGA,DTW
2013,10,24,1153.0,1159,1502.0,1514,1096,LGA,MIA
2013,10,26,623.0,625,921.0,935,1411,EWR,HOU
2013,7,22,1152.0,1153,1410.0,1421,820,EWR,JAX
2013,5,5,1856.0,1900,2051.0,2100,544,LGA,CLT
2013,9,12,2009.0,1347,2317.0,1631,1372,EWR,DFW
2013,7,3,1931.0,1800,2155.0,2039,762,LGA,ATL
2013,6,25,631.0,634,824.0,845,642,EWR,SDF
2013,12,20,1915.0,1915,2207.0,2219,944,JFK,MCO
2013,11,17,1757.0,1745,2128.0,2104,2425,EWR,SAN
2013,11,1,1839.0,1804,2104.0,2034,746,EWR,ATL
2013,2,22,1125.0,1130,1346.0,1334,544,LGA,CLT
2013,1,20,1014.0,1025,1314.0,1231,488,EWR,DTW
2013,11,18,1833.0,1837,1956.0,2009,301,JFK,BUF
2013,12,17,1215.0,1203,1602.0,1504,1400,EWR,IAH
2013,10,15,1732.0,1735,1929.0,1946,544,LGA,CLT
2013,2,15,1505.0,1505,1958.0,2000,1598,JFK,SJU
2013,8,22,1826.0,1819,2107.0,2118,1028,JFK,PBI
2013,5,28,646.0,645,849.0,914,1605,EWR,DEN
2013,6,26,2244.0,2245,50.0,3,264,JFK,ROC
2013,4,17,1850.0,1615,2105.0,1840,762,LGA,ATL
2013,2,14,1856.0,1903,2014.0,2022,277,EWR,RIC
2013,4,24,752.0,759,1049.0,1109,1096,LGA,MIA
2013,1,9,756.0,759,1108.0,1115,1372,EWR,DFW
2013,9,22,948.0,940,1057.0,1110,725,LGA,MDW
2013,12,26,1519.0,1449,1824.0,1757,1065,EWR,FLL
2013,1,1,2050.0,1959,2229.0,2144,427,JFK,RDU
2013,10,5,1124.0,1130,1324.0,1329,1008,EWR,MSP
2013,4,15,1618.0,1620,1906.0,1923,944,JFK,MCO
2013,3,22,558.0,600,901.0,856,1065,EWR,FLL
2013,2,27,1357.0,1359,1639.0,1638,760,JFK,ATL
2013,8,5,1710.0,1711,2022.0,2039,2576,JFK,OAK
2013,5,26,854.0,855,1059.0,1120,762,LGA,ATL
2013,6,12,2021.0,1903,2158.0,2025,748,EWR,BNA
2013,10,29,1023.0,951,1244.0,1207,1605,EWR,DEN
2013,4,6,745.0,750,918.0,920,764,LGA,BNA
2013,2,2,622.0,630,746.0,810,733,LGA,ORD
2013,7,2,1453.0,1455,1722.0,1710,509,JFK,DTW
2013,10,21,739.0,737,920.0,915,445,EWR,GSO
2013,6,13,1759.0,1800,2027.0,1950,479,LGA,CMH
2013,6,26,2337.0,2130,238.0,14,1076,LGA,FLL
2013,10,25,1135.0,1140,1418.0,1430,997,EWR,TPA
2013,6,16,646.0,651,845.0,855,1605,EWR,DEN
2013,4,9,656.0,700,1005.0,1027,1990,JFK,SLC
2013,6,27,1635.0,1633,2014.0,1916,1400,EWR,IAH
2013,8,4,1500.0,1505,1639.0,1638,719,EWR,ORD
2013,8,2,700.0,705,810.0,820,748,EWR,BNA
2013,2,28,1428.0,1430,1729.0,1725,1400,EWR,IAH
2013,12,14,815.0,830,1100.0,1040,569,EWR,CVG
2013,1,6,807.0,810,914.0,925,187,JFK,BOS
2013,9,17,1858.0,1900,2100.0,2131,1626,JFK,DEN
2013,7,20,1700.0,1700,1831.0,1845,290,JFK,ORF
2013,3,19,1638.0,1540,1851.0,1748,569,EWR,CVG
2013,2,21,1827.0,1835,1930.0,1950,184,JFK,BWI
2013,12,25,1843.0,1804,2141.0,2113,1400,EWR,IAH
2013,1,1,800.0,810,949.0,955,427,JFK,RDU
2013,12,16,1934.0,1820,2249.0,2145,2454,EWR,LAX
2013,11,6,1933.0,1940,2228.0,2243,1076,LGA,FLL
2013,11,28,827.0,830,1046.0,1052,760,JFK,ATL
2013,8,27,2107.0,2116,2238.0,2249,301,JFK,BUF
2013,11,13,805.0,814,1007.0,1042,1092,EWR,MCI
2013,6,27,1306.0,1259,1537.0,1534,762,LGA,ATL
2013,8,30,1911.0,1825,2035.0,2009,378,LGA,BGR
2013,12,4,1257.0,1300,1436.0,1428,719,EWR,ORD
2013,2,15,1658.0,1700,1759.0,1813,184,LGA,BOS
2013,4,14,1256.0,1305,1440.0,1455,479,LGA,CMH
2013,7,21,1508.0,1511,1722.0,1728,1620,LGA,DEN
2013,9,11,1823.0,1825,2253.0,2121,2446,JFK,SAN
2013,7,18,1155.0,1205,1425.0,1430,762,LGA,ATL
2013,9,2,1100.0,1055,1401.0,1358,1076,LGA,FLL
2013,4,4,943.0,950,1211.0,1205,549,LGA,DAY
2013,2,4,640.0,636,926.0,945,1065,EWR,FLL
2013,12,10,635.0,640,806.0,805,738,LGA,MKE
2013,2,24,1151.0,1155,1249.0,1304,187,JFK,BOS
2013,9,20,811.0,815,1043.0,1105,944,JFK,MCO
2013,10,16,1354.0,1355,1549.0,1550,544,LGA,CLT
2013,1,27,1920.0,1920,2343.0,2258,1990,JFK,SLC
2013,7,19,903.0,840,1111.0,1100,762,LGA,ATL
2013,5,22,1418.0,1415,1600.0,1619,636,JFK,CHS
2013,6,19,652.0,655,754.0,815,738,LGA,MKE
2013,10,21,1552.0,1555,1811.0,1805,589,JFK,CVG
2013,4,8,1436.0,1440,1732.0,1753,1076,LGA,FLL
2013,1,27,1831.0,1840,2052.0,2049,502,LGA,DTW
2013,12,20,815.0,800,1106.0,1026,1605,EWR,DEN
2013,10,18,2001.0,2001,2332.0,2248,1826,JFK,ABQ
2013,3,19,1100.0,1100,1415.0,1414,1076,LGA,FLL
2013,4,29,1604.0,1559,1906.0,1906,1065,EWR,FLL
2013,6,3,1554.0,1600,1930.0,1925,1096,LGA,MIA
2013,8,20,1021.0,1019,1207.0,1207,529,EWR,CLT
2013,1,28,2243.0,2107,55.0,2322,642,EWR,SDF
2013,6,22,1832.0,1830,2039.0,2041,502,LGA,DTW
2013,10,25,853.0,850,952.0,1006,187,JFK,BOS
2013,5,5,1805.0,1755,1912.0,1930,725,LGA,MDW
2013,10,12,1724.0,1736,1916.0,2004,1113,JFK,MCI
2013,6,21,923.0,930,1107.0,1136,1008,EWR,MSP
2013,5,9,2309.0,2105,43.0,2305,502,LGA,DTW
2013,5,3,2053.0,2100,2358.0,30,2475,JFK,LAX
2013,4,6,1808.0,1820,2048.0,2135,2402,EWR,SEA
2013,11,14,1942.0,1930,2243.0,2230,950,LGA,MCO
2013,3,15,1946.0,1935,2246.0,2242,1035,LGA,PBI
2013,4,1,729.0,730,830.0,849,200,EWR,BOS
2013,3,8,1956.0,1706,2241.0,2016,1069,JFK,FLL
2013,5,26,1725.0,1730,1919.0,1950,1183,LGA,MSY
2013,4,25,2159.0,2130,2329.0,2303,301,JFK,BUF
2013,4,17,1023.0,1030,1341.0,1405,2565,EWR,SFO
2013,7,27,1145.0,1155,1310.0,1310,764,LGA,BNA
2013,5,7,1512.0,1515,1750.0,1816,2454,EWR,LAX
2013,3,20,1541.0,1530,1906.0,1834,1010,LGA,TPA
2013,10,12,1123.0,1125,1240.0,1258,254,LGA,ROC
2013,9,5,558.0,600,825.0,901,2454,EWR,LAX
2013,3,24,859.0,900,1216.0,1220,2475,JFK,LAX
2013,7,25,2021.0,2025,2258.0,2321,1521,JFK,AUS
2013,4,5,1213.0,1145,1614.0,1451,1035,LGA,PBI
2013,6,21,1750.0,1640,1912.0,1815,765,JFK,BNA
2013,2,26,2245.0,2245,2354.0,2354,273,JFK,PWM
2013,3,3,2000.0,1845,2326.0,2210,2521,JFK,SMF
2013,11,11,1654.0,1700,1929.0,1958,950,LGA,MCO
2013,3,16,1730.0,1729,2029.0,2049,1089,JFK,MIA
2013,10,15,551.0,600,648.0,659,214,LGA,DCA
2013,8,21,2245.0,2245,2.0,3,264,JFK,ROC
2013,3,12,624.0,631,731.0,740,187,JFK,BOS
2013,12,13,1530.0,1500,1755.0,1730,762,LGA,ATL
2013,6,2,1427.0,1340,1636.0,1555,2133,EWR,PHX
2013,11,19,1311.0,1315,1644.0,1657,2153,JFK,PHX
2013,5,14,1432.0,1435,1552.0,1600,184,JFK,BWI
2013,3,24,634.0,630,1002.0,1040,1598,JFK,SJU
2013,3,11,1124.0,1130,1308.0,1339,1020,LGA,MSP
2013,9,28,1735.0,1734,1953.0,2000,762,LGA,ATL
2013,8,24,626.0,630,736.0,747,301,JFK,BUF
